state,year,tribe_name,households,male_population,female_population,sex_ratio,child_sex_ratio,literacy_total_pct,literacy_male_pct,literacy_female_pct,wpr_pct,main_worker_pct,marginal_worker_pct,tribe_population
Andaman and Nicobar Islands,2011,All Schedule Tribes,7094,14731,13799,937,955.0,75.6,80.9,69.9,40.9,40.2,59.8,28530
Andaman and Nicobar Islands,2011,Andamanese Cha- riar Chari Kora Tabo Bo Yere Kede Bea Balawa Bojigiyab Juwai Kol,19,18,26,1444,1333.0,89.2,80.0,95.5,43.2,100.0,0.0,44
Andaman and Nicobar Islands,2011,Jarawas,93,194,186,959,873.0,0.0,0.0,0.0,63.2,100.0,0.0,380
Andaman and Nicobar Islands,2011,Nicobarese,6758,14011,13157,939,956.0,77.0,82.7,71.0,40.6,38.1,61.9,27168
Andaman and Nicobar Islands,2011,Onges,19,52,49,942,1600.0,57.3,61.9,51.5,39.6,7.5,92.5,101
Andaman and Nicobar Islands,2011,Sentinelese,10,12,3,250,,0.0,0.0,0.0,93.3,85.7,14.3,15
Andaman and Nicobar Islands,2011,Shom Pens,57,141,88,624,714.0,3.2,2.2,4.8,1.3,33.3,66.7,229
Andhra Pradesh,2011,All Schedule Tribes,1495485,2969362,2948711,993,931.0,49.2,58.3,40.1,54.2,80.0,20.0,5918073
Andhra Pradesh,2011,Andh Sadhu Andh,3193,6604,6593,998,885.0,54.4,63.6,45.4,53.1,87.3,12.7,13197
Andhra Pradesh,2011,Bagata,35427,65333,68094,1042,987.0,51.2,62.6,40.3,57.6,70.2,29.8,133427
Andhra Pradesh,2011,Bhil,153,297,307,1034,976.0,57.0,66.7,47.7,46.9,94.7,5.3,604
Andhra Pradesh,2011,Chenchu,16572,32196,32031,995,988.0,40.6,47.3,34.0,53.6,79.4,20.6,64227
Andhra Pradesh,2011,Dhulia Paiko Putiya (in the districts of Vishakhapatnam and Vijayanagaram),281,319,346,1085,1000.0,55.3,67.5,44.2,52.6,58.3,41.7,665
Andhra Pradesh,2011,Gadabas Bodo Gada- ba Gutob Gadaba Kallayi Gadaba Parangi Gadaba Kathera Gadaba Kapu Gadaba,10645,18518,19563,1056,1017.0,47.7,55.1,40.8,58.7,72.5,27.5,38081
Andhra Pradesh,2011,Gond Naikpod Rajgond Koitur,73640,150193,154344,1028,976.0,49.3,58.3,40.6,57.1,81.3,18.7,304537
Andhra Pradesh,2011,Goudu (in the Agency tracts)a,2086,3466,3595,1037,1051.0,41.8,53.9,30.2,57.6,76.7,23.3,7061
Andhra Pradesh,2011,Hill Reddis,326,216,197,912,1333.0,65.5,67.2,63.6,49.4,88.2,11.8,413
Andhra Pradesh,2011,Jatapus,30545,60905,65934,1083,1032.0,49.3,59.0,40.4,58.3,72.7,27.3,126839
Andhra Pradesh,2011,Kammara,17603,26572,27591,1038,968.0,53.7,61.5,46.3,58.7,68.1,31.9,54163
Andhra Pradesh,2011,Kattunayakan,48,76,74,974,1429.0,54.1,63.8,43.8,45.3,63.2,36.8,150
Andhra Pradesh,2011,Kolam Kolawar,10702,22534,22378,993,955.0,39.0,47.5,30.5,56.6,76.2,23.8,44912
Andhra Pradesh,2011,Konda Dhoras Kubi,55320,104283,106806,1024,987.0,45.8,54.6,37.2,58.0,69.7,30.3,211089
Andhra Pradesh,2011,Konda Kapus,4964,6331,6294,994,1031.0,68.0,74.0,62.0,49.9,74.9,25.1,12625
Andhra Pradesh,2011,Kondareddis,30743,53244,54503,1024,1010.0,55.1,62.2,48.2,58.5,75.4,24.6,107747
Andhra Pradesh,2011,Kondhs Kodi Kod- hu Desaya Kondhs Dongria Kondhs Kuttiya Kondhs Tikiria Kondhs Yen- ity Kondhs Kuvinga,24768,50800,52490,1033,1028.0,29.7,40.7,19.1,58.5,71.1,28.9,103290
Andhra Pradesh,2011,Kotia Bentho Oriya Bartika Dulia Holva Sanrona Sidhopaiko,11384,22294,23371,1048,968.0,49.7,63.3,36.8,55.8,63.2,36.8,45665
Andhra Pradesh,2011,Koya Doli Koya Gutta Koya Kam- mara Koya Musara Koya Oddi Koya Pattidi Koya Rajah Rasha Koya Lingad- hari Koya (ordinary) Kottu Koya Bhine Koya Rajkoya,158522,289025,301714,1044,994.0,53.7,60.7,47.0,58.5,80.2,19.8,590739
Andhra Pradesh,2011,Kulia,304,360,315,875,850.0,51.7,62.2,39.9,55.1,72.3,27.7,675
Andhra Pradesh,2011,Malis (excluding Adilabad Hyderabad Karimnagar Kham- mam Mahbubnagar Medak Nalgonda Nizamabad and Wa- rangal districts),2292,2590,2703,1044,1066.0,44.5,54.4,35.1,54.9,78.4,21.6,5293
Andhra Pradesh,2011,Manna Dhora,5398,8845,9184,1038,1037.0,52.1,59.3,45.1,54.8,71.0,29.0,18029
Andhra Pradesh,2011,Mukha Dhora Nooka Dhora,10830,20735,21685,1046,1067.0,36.0,45.3,27.1,61.1,71.2,28.8,42420
Andhra Pradesh,2011,Nakkala Kurvikaran,1400,2836,2897,1022,1048.0,28.3,32.9,23.8,51.2,88.3,11.7,5733
Andhra Pradesh,2011,Nayaks (in the Agency tracts)a,2491,4070,4166,1024,882.0,55.0,61.1,49.2,59.3,87.4,12.6,8236
Andhra Pradesh,2011,Pardhan,6203,12477,12346,990,920.0,66.2,75.6,56.7,47.7,78.3,21.7,24823
Andhra Pradesh,2011,Porja Parangiperja,9516,17741,18761,1057,995.0,35.0,45.8,24.9,58.5,74.2,25.8,36502
Andhra Pradesh,2011,Reddi Dhoras,301,497,483,972,1318.0,44.4,55.2,32.9,56.5,79.1,20.9,980
Andhra Pradesh,2011,Rona Rena,843,546,538,985,851.0,63.9,71.6,56.2,39.7,83.3,16.7,1084
Andhra Pradesh,2011,Savaras Kapu Savaras Maliya Savaras Khutto Savaras,32528,68432,70992,1037,974.0,49.7,59.3,40.6,54.6,61.2,38.8,139424
Andhra Pradesh,2011,Sugalis Lambadis Banjara,559107,1231006,1176631,956,879.0,49.0,60.0,37.6,51.6,85.2,14.8,2407637
Andhra Pradesh,2011,Thoti (in Adilabad Hyderabad Ka- rimnagar Kham- mam Mahbubnagar Medak Nalgonda Nizamabad and Wa- rangal districts),1246,2308,2503,1084,944.0,62.7,75.2,51.5,50.1,80.7,19.3,4811
Andhra Pradesh,2011,Valmiki (in the Scheduled Areas of Vishakhapatnam Srikakulam Vijayana- garam East Godavari and West Godavari districts),20344,34060,36453,1070,985.0,67.0,76.4,58.2,52.6,69.1,30.9,70513
Andhra Pradesh,2011,Yenadis Chella Yena- di Kappala Yenadi Manchi Yenadi Reddi Yenadi,151435,272203,265605,976,942.0,40.8,44.2,37.3,58.0,78.9,21.1,537808
Andhra Pradesh,2011,Yerukulas Koracha Dabba Yerukula Kunchapuri Yerukula Uppu Yerukula,135727,259169,260168,1004,948.0,55.1,63.7,46.7,49.7,83.4,16.6,519337
Arunachal Pradesh,2011,Abor,544,838,834,995,945.0,75.5,82.8,68.2,47.6,82.7,17.3,1672
Arunachal Pradesh,2011,Adi,13943,33626,34243,1018,966.0,68.2,74.6,61.9,43.4,80.5,19.5,67869
Arunachal Pradesh,2011,Adi bori,65,91,92,1011,643.0,72.5,75.3,69.9,40.4,81.1,18.9,183
Arunachal Pradesh,2011,Adi gallong,3724,9248,9356,1012,969.0,73.3,78.3,68.4,44.2,81.1,18.9,18604
Arunachal Pradesh,2011,Adi minyong,5041,12408,12704,1024,982.0,79.4,84.5,74.5,40.1,88.0,12.0,25112
Arunachal Pradesh,2011,Adi padam,2921,6546,6921,1057,984.0,75.2,81.9,68.9,40.0,79.8,20.2,13467
Arunachal Pradesh,2011,Adi pasi,770,1495,1570,1050,1077.0,76.1,82.4,70.2,43.7,76.4,23.6,3065
Arunachal Pradesh,2011,Adiramo,7,4,6,1500,0.0,88.9,100.0,83.3,20.0,100.0,0.0,10
Arunachal Pradesh,2011,Aka,1454,3940,4170,1058,975.0,65.2,72.4,58.6,41.4,86.5,13.5,8110
Arunachal Pradesh,2011,All Schedule Tribes,193910,468390,483431,1032,977.0,64.6,71.5,58.0,40.3,79.9,20.1,951821
Arunachal Pradesh,2011,Any Naga tribes,4019,6313,6025,954,1028.0,51.7,61.2,41.6,46.4,82.3,17.7,12338
Arunachal Pradesh,2011,Apatani,8661,21254,22523,1060,949.0,83.9,89.4,78.8,35.1,73.1,26.9,43777
Arunachal Pradesh,2011,Ashing,149,370,356,962,1286.0,36.2,46.3,25.4,47.4,98.3,1.7,726
Arunachal Pradesh,2011,Bagi,57,35,29,829,2000.0,51.7,69.7,28.0,46.9,96.7,3.3,64
Arunachal Pradesh,2011,Bangni,139,328,363,1107,1042.0,59.4,71.5,48.6,41.8,68.9,31.1,691
Arunachal Pradesh,2011,Bogum,74,83,75,904,1000.0,77.5,80.8,73.8,25.9,90.2,9.8,158
Arunachal Pradesh,2011,Bokar,1014,2275,2435,1070,755.0,47.4,54.8,40.7,37.8,90.7,9.3,4710
Arunachal Pradesh,2011,Bomdo,14,12,14,1167,600.0,88.9,100.0,81.8,46.2,41.7,58.3,26
Arunachal Pradesh,2011,Bori,811,1671,1712,1025,874.0,60.5,66.0,55.3,38.5,93.1,6.9,3383
Arunachal Pradesh,2011,But Monpa,73,123,132,1073,1043.0,41.3,50.0,33.3,42.0,66.4,33.6,255
Arunachal Pradesh,2011,Dalbing,3,3,4,1333,1000.0,100.0,100.0,100.0,28.6,50.0,50.0,7
Arunachal Pradesh,2011,Darok Tangsa,36,38,38,1000,1143.0,75.4,80.6,70.0,40.8,90.3,9.7,76
Arunachal Pradesh,2011,Degaru/Taraon Mishmi,357,626,648,1035,831.0,58.9,70.7,48.1,45.1,86.9,13.1,1274
Arunachal Pradesh,2011,Deori,1146,2663,2702,1015,916.0,85.5,91.9,79.2,49.1,90.9,9.1,5365
Arunachal Pradesh,2011,Dirang Monpa,1898,3434,3738,1089,1119.0,56.8,61.8,52.2,51.1,78.5,21.5,7172
Arunachal Pradesh,2011,Galong,16015,38901,40426,1039,950.0,73.0,77.6,68.6,40.8,87.7,12.3,79327
Arunachal Pradesh,2011,Haisa Tangsa,44,61,63,1033,750.0,64.5,77.4,52.6,29.0,91.7,8.3,124
Arunachal Pradesh,2011,Havi Tangsa,179,439,453,1032,1036.0,24.8,33.8,16.1,49.9,85.2,14.8,892
Arunachal Pradesh,2011,Hill Miri,83,126,138,1095,1333.0,87.3,93.9,81.1,22.0,87.9,12.1,264
Arunachal Pradesh,2011,Hotang Tangsa,4,2,6,3000,0.0,100.0,100.0,100.0,50.0,75.0,25.0,8
Arunachal Pradesh,2011,Hrusso,35,35,22,629,3000.0,94.3,94.1,94.7,57.9,78.8,21.2,57
Arunachal Pradesh,2011,Jugli,85,156,138,885,538.0,87.8,93.1,82.3,31.3,96.7,3.3,294
Arunachal Pradesh,2011,Kaman / Miju Mishmi,2122,4650,4756,1023,938.0,54.6,64.5,45.1,44.6,88.6,11.4,9406
Arunachal Pradesh,2011,Karka,55,86,90,1047,2667.0,81.8,91.3,71.6,36.4,84.4,15.6,176
Arunachal Pradesh,2011,Kemsing Tangsa,285,663,632,953,857.0,73.4,81.4,65.1,34.4,91.2,8.8,1295
Arunachal Pradesh,2011,Khamba,159,417,360,863,848.0,54.5,56.9,51.7,46.5,96.4,3.6,777
Arunachal Pradesh,2011,Khamiyang,106,201,200,995,1000.0,87.9,95.4,80.3,38.7,88.4,11.6,401
Arunachal Pradesh,2011,Khampti Kamti,3485,7866,7896,1004,967.0,82.5,88.7,76.4,39.5,86.9,13.1,15762
Arunachal Pradesh,2011,Khowa Bugun,357,697,735,1055,1180.0,68.7,73.6,64.0,40.5,95.0,5.0,1432
Arunachal Pradesh,2011,Komkar,35,63,48,762,1000.0,86.8,86.8,86.8,36.9,92.7,7.3,111
Arunachal Pradesh,2011,Korang Tangsa,10,15,11,733,250.0,61.9,54.5,70.0,30.8,62.5,37.5,26
Arunachal Pradesh,2011,Laju,375,762,779,1022,873.0,25.9,43.4,9.9,47.1,98.1,1.9,1541
Arunachal Pradesh,2011,Langkai Tangsa,20,22,28,1273,3500.0,75.6,90.0,61.9,40.0,30.0,70.0,50
Arunachal Pradesh,2011,Libo,142,271,244,900,1060.0,47.3,49.8,44.5,21.9,89.4,10.6,515
Arunachal Pradesh,2011,Lichi Tangsa,9,4,15,3750,2000.0,87.5,66.7,92.3,10.5,100.0,0.0,19
Arunachal Pradesh,2011,Liju Nocte,205,385,403,1047,899.0,31.0,45.5,17.9,45.8,93.6,6.4,788
Arunachal Pradesh,2011,Lish Monpa,491,1120,1112,993,898.0,29.7,34.9,24.5,50.2,55.8,44.2,2232
Arunachal Pradesh,2011,Longchang Tangsa,717,1545,1571,1017,1066.0,70.3,78.8,61.9,43.4,93.0,7.0,3116
Arunachal Pradesh,2011,Longin Tangsa,19,13,8,615,500.0,73.3,77.8,66.7,28.6,100.0,0.0,21
Arunachal Pradesh,2011,Longphi Tangsa,100,178,200,1124,818.0,70.4,77.9,64.2,37.3,74.5,25.5,378
Arunachal Pradesh,2011,Longri Tangsa,155,307,299,974,898.0,65.9,72.9,58.8,41.3,70.4,29.6,606
Arunachal Pradesh,2011,Longsang Tangsa,23,18,21,1167,833.0,71.4,75.0,68.8,35.9,92.9,7.1,39
Arunachal Pradesh,2011,Lowang Tangsa,17,7,10,1429,2000.0,57.1,50.0,62.5,41.2,71.4,28.6,17
Arunachal Pradesh,2011,Meyor,205,489,500,1022,895.0,55.9,62.5,49.6,41.8,90.6,9.4,989
Arunachal Pradesh,2011,Miji,1600,4106,4021,979,903.0,53.7,58.2,49.2,44.3,54.1,45.9,8127
Arunachal Pradesh,2011,Mikir,187,547,521,952,909.0,74.9,84.1,65.3,33.9,90.3,9.7,1068
Arunachal Pradesh,2011,Millang,691,1846,1788,969,1042.0,59.3,65.3,53.1,44.2,88.0,12.0,3634
Arunachal Pradesh,2011,Miniyong,1326,2798,2870,1026,914.0,71.0,75.8,66.4,35.9,91.4,8.6,5668
Arunachal Pradesh,2011,Mishing / Miri,1868,3795,3617,953,924.0,65.3,74.1,56.2,42.7,87.8,12.2,7412
Arunachal Pradesh,2011,Mishmi,51,61,50,820,583.0,76.1,77.6,74.4,50.5,71.4,28.6,111
Arunachal Pradesh,2011,Mishmi Idu Taroan,7527,15761,16458,1044,977.0,65.6,74.2,57.4,39.2,82.5,17.5,32219
Arunachal Pradesh,2011,Moglum Tangsa,578,1275,1331,1044,1082.0,69.0,76.9,61.4,37.0,82.5,17.5,2606
Arunachal Pradesh,2011,Momba Memba,1074,2170,2325,1071,1155.0,57.0,64.9,49.6,38.1,77.8,22.2,4495
Arunachal Pradesh,2011,Monpa,10594,21150,22559,1067,1011.0,55.9,63.0,49.4,46.1,80.3,19.7,43709
Arunachal Pradesh,2011,Morang Tangsa,148,220,238,1082,795.0,72.9,79.0,67.6,31.2,90.9,9.1,458
Arunachal Pradesh,2011,Mossang Tangsa,832,1861,2026,1089,1130.0,68.2,77.0,60.0,43.4,80.9,19.1,3887
Arunachal Pradesh,2011,Muktum,6,7,1,143,,87.5,85.7,100.0,50.0,75.0,25.0,8
Arunachal Pradesh,2011,Namsang Tangsa,7,2,5,2500,0.0,66.7,100.0,60.0,42.9,66.7,33.3,7
Arunachal Pradesh,2011,Ngimong Tangsa,50,81,81,1000,800.0,52.4,55.7,49.2,31.5,80.4,19.6,162
Arunachal Pradesh,2011,Nishang,671,1405,1444,1028,799.0,72.0,79.0,65.5,38.7,75.9,24.1,2849
Arunachal Pradesh,2011,Nissi,6351,16074,16405,1021,952.0,60.7,67.0,54.6,35.4,72.3,27.7,32479
Arunachal Pradesh,2011,Nocte,7425,17274,17390,1007,986.0,63.1,72.8,53.5,45.6,87.7,12.3,34664
Arunachal Pradesh,2011,Nonong,24,15,11,733,667.0,66.7,58.3,77.8,42.3,90.9,9.1,26
Arunachal Pradesh,2011,Nyishi,43854,121475,128349,1057,997.0,63.1,70.5,56.2,37.0,74.7,25.3,249824
Arunachal Pradesh,2011,Padam,629,1098,1236,1126,1027.0,79.1,85.1,73.8,35.3,90.5,9.5,2334
Arunachal Pradesh,2011,Pailibo,303,734,660,899,811.0,52.3,59.7,44.2,38.7,69.3,30.7,1394
Arunachal Pradesh,2011,Panchen monpa,7,8,16,2000,500.0,81.0,66.7,86.7,29.2,71.4,28.6,24
Arunachal Pradesh,2011,Pangi,168,288,286,993,821.0,82.6,86.5,78.7,30.0,76.7,23.3,574
Arunachal Pradesh,2011,Pasi,243,537,513,955,729.0,46.9,53.1,40.9,58.7,63.8,36.2,1050
Arunachal Pradesh,2011,Phong tangsa,110,290,338,1166,1105.0,77.6,85.7,70.6,33.8,99.1,0.9,628
Arunachal Pradesh,2011,Ponthai nocte,17,50,18,360,417.0,82.4,92.1,53.8,7.4,80.0,20.0,68
Arunachal Pradesh,2011,Ramo,352,628,733,1167,939.0,46.0,55.3,38.3,36.8,43.7,56.3,1361
Arunachal Pradesh,2011,Rangai tangsa,17,22,20,909,2500.0,62.9,80.0,40.0,59.5,64.0,36.0,42
Arunachal Pradesh,2011,Rongrang tangsa,321,760,728,958,1000.0,73.0,77.0,68.8,32.1,96.4,3.6,1488
Arunachal Pradesh,2011,Sanke tangsa,77,149,139,933,630.0,63.1,73.0,53.3,43.4,95.2,4.8,288
Arunachal Pradesh,2011,Sherdukpen,940,1678,1785,1064,1169.0,79.6,83.9,75.5,48.4,79.2,20.8,3463
Arunachal Pradesh,2011,Simong,585,1235,1312,1062,1151.0,46.9,54.5,39.5,48.4,64.4,35.6,2547
Arunachal Pradesh,2011,Singpho,1250,2824,2792,989,990.0,76.9,84.5,69.2,40.5,83.4,16.6,5616
Arunachal Pradesh,2011,Siram,5,4,1,250,0.0,100.0,100.0,100.0,20.0,0.0,100.0,5
Arunachal Pradesh,2011,Sulung,958,2353,2166,921,1016.0,21.5,27.9,14.5,55.3,61.2,38.8,4519
Arunachal Pradesh,2011,Sulung Bangni,16,20,15,750,0.0,18.2,16.7,20.0,54.3,73.7,26.3,35
Arunachal Pradesh,2011,Tagin,12592,30959,31972,1033,982.0,62.4,68.7,56.3,38.3,72.6,27.4,62931
Arunachal Pradesh,2011,Tagin Bangni,432,268,264,985,746.0,65.8,72.6,59.3,28.9,79.2,20.8,532
Arunachal Pradesh,2011,Taisen Tangsa,291,577,529,917,1037.0,70.9,77.2,63.8,42.0,78.9,21.1,1106
Arunachal Pradesh,2011,Tangam,6,4,3,750,0.0,100.0,100.0,100.0,42.9,100.0,0.0,7
Arunachal Pradesh,2011,Tangsa,3279,7698,7597,987,956.0,64.9,72.8,56.9,41.2,92.5,7.5,15295
Arunachal Pradesh,2011,Taram,11,7,4,571,1000.0,66.7,100.0,0.0,54.5,83.3,16.7,11
Arunachal Pradesh,2011,Tawang Monpa,1844,3454,3679,1065,961.0,50.6,58.0,43.7,47.8,80.4,19.6,7133
Arunachal Pradesh,2011,Thai Khampi,31,34,42,1235,1125.0,83.1,92.3,75.8,42.1,78.1,21.9,76
Arunachal Pradesh,2011,Tikhak Tangsa,513,1173,1119,954,894.0,70.7,77.9,63.3,39.7,89.1,10.9,2292
Arunachal Pradesh,2011,Tutcha Nocte,289,569,480,844,691.0,68.7,78.6,57.4,40.1,77.2,22.8,1049
Arunachal Pradesh,2011,Wancho,9380,28563,28323,992,954.0,41.2,50.4,32.0,42.7,88.6,11.4,56886
Arunachal Pradesh,2011,Yobin,605,1492,1502,1007,1015.0,71.7,78.6,64.8,38.7,18.9,81.1,2994
Arunachal Pradesh,2011,Yongkuk Tangsa,42,82,86,1049,1571.0,61.4,60.3,62.5,44.6,96.0,4.0,168
Arunachal Pradesh,2011,Yougli Tangsa,215,507,519,1024,970.0,72.7,80.8,64.8,45.8,84.9,15.1,1026
Assam,2011,All Schedule Tribes,794768,1957005,1927366,985,957.0,72.1,79.0,65.1,44.0,65.9,34.1,3884371
Assam,2011,Any Kuki Tribes includ- ing,6223,17220,16179,940,897.0,84.0,87.8,80.0,40.8,75.5,24.5,33399
Assam,2011,Any Mizo (Lus- hai) tribes,222,419,461,1100,1022.0,94.4,96.3,92.8,36.9,91.4,8.6,880
Assam,2011,Any Naga tribes,5390,14905,14862,997,958.0,80.7,87.3,74.1,38.1,73.6,26.4,29767
Assam,2011,Barmans in Cachar,2405,3398,3318,976,855.0,76.0,81.9,70.0,42.8,73.4,26.6,6716
Assam,2011,Boro Boro- kachari,290517,682931,678804,994,963.0,70.6,77.9,63.2,43.3,68.6,31.4,1361735
Assam,2011,Chakma,430,1043,989,948,1061.0,28.0,36.8,18.5,42.3,79.7,20.3,2032
Assam,2011,Deori,8612,21938,21812,994,907.0,83.3,89.3,77.3,49.3,61.7,38.3,43750
Assam,2011,Dimasa,4522,9738,9964,1023,965.0,84.6,88.6,80.7,38.9,66.1,33.9,19702
Assam,2011,Dimasa Kachari,23689,51832,51129,986,971.0,70.1,76.8,63.3,41.0,73.3,26.7,102961
Assam,2011,Garo,30544,81278,80114,1980,1903.0,,,,83.5,,71.4,161392
Assam,2011,Hajong,7868,17608,17081,1925,1673.0,,,,83.7,,48.2,34689
Assam,2011,Hmar,2794,7964,7781,977,966.0,92.9,95.3,90.3,40.5,78.8,21.2,15745
Assam,2011,Hojai,134,327,315,963,875.0,61.5,72.7,50.0,52.0,82.9,17.1,642
Assam,2011,Kachari Sonwal,60002,127692,125652,984,939.0,85.4,90.4,80.5,44.4,62.6,37.4,253344
Assam,2011,Karbi,78588,217758,212694,977,957.0,67.9,75.2,60.5,38.7,65.1,34.9,430452
Assam,2011,Khampti,251,566,540,954,1000.0,85.9,95.3,76.0,50.8,62.1,37.9,1106
Assam,2011,Khasi Jaintia Synteng Pnar War Bhoi Lyngngam,3426,7916,8020,1013,1038.0,42.9,43.6,42.3,45.6,83.5,16.5,15936
Assam,2011,Lakher,36,20,17,850,1250.0,42.9,50.0,33.3,56.8,66.7,33.3,37
Assam,2011,Lalung,41298,100468,100447,2000,2005.0,,,,89.2,,67.4,200915
Assam,2011,Man (Tai speak- ing),324,644,625,970,1094.0,89.7,94.1,85.2,38.9,82.0,18.0,1269
Assam,2011,Mech,2380,4968,4915,989,881.0,87.7,92.2,83.2,41.4,63.9,36.1,9883
Assam,2011,Miri,117825,345786,334638,968,946.0,69.3,77.4,60.9,47.7,60.8,39.2,680424
Assam,2011,Pawi,3,1,2,2000,,100.0,100.0,100.0,33.3,100.0,0.0,3
Assam,2011,Rabha,65611,148887,147302,989,960.0,75.1,81.5,68.7,47.2,66.2,33.8,296189
Assam,2011,Singhpho,533,1175,1167,993,860.0,85.8,91.7,79.9,45.8,66.1,33.9,2342
Assam,2011,Syntheng,5,2,3,1500,1000.0,33.3,100.0,0.0,0.0,,,5
Bihar,2011,All Schedule Tribes,284647,682516,654057,958,969.0,51.1,61.3,40.4,41.0,53.5,46.5,1336573
Bihar,2011,Asur Agaria,2016,2114,2015,953,975.0,41.6,52.4,30.2,42.4,34.2,65.8,4129
Bihar,2011,Baiga,203,276,267,967,772.0,56.6,65.8,47.5,36.5,54.0,46.0,543
Bihar,2011,Banjara,663,1371,1338,976,905.0,24.1,28.5,19.6,22.7,68.0,32.0,2709
Bihar,2011,Bathudi,11,12,6,500,500.0,83.3,87.5,75.0,38.9,57.1,42.9,18
Bihar,2011,Bedia,383,938,839,894,994.0,42.1,51.1,31.8,36.1,57.6,42.4,1777
Bihar,2011,Binjhia,10,6,9,1500,1000.0,46.2,60.0,37.5,26.7,75.0,25.0,15
Bihar,2011,Birhor,113,187,190,1016,1308.0,31.0,35.8,25.9,45.4,29.2,70.8,377
Bihar,2011,Birjia,70,113,95,841,760.0,39.6,44.3,34.2,45.7,41.1,58.9,208
Bihar,2011,Chero,3087,6589,6152,934,1001.0,45.6,54.8,35.7,35.8,53.8,46.2,12741
Bihar,2011,Chik Baraik,795,1091,1044,957,974.0,44.1,50.5,37.3,29.6,56.2,43.8,2135
Bihar,2011,Gond,45799,129927,126811,976,960.0,60.9,72.8,48.7,30.3,45.5,54.5,256738
Bihar,2011,Gorait,343,405,431,1064,1373.0,65.4,80.5,50.4,34.7,48.6,51.4,836
Bihar,2011,Ho,325,375,340,907,1222.0,69.6,75.3,62.7,32.9,74.9,25.1,715
Bihar,2011,Karmali,76,145,132,910,1316.0,55.4,63.5,45.8,48.0,75.9,24.1,277
Bihar,2011,Kawar,372,456,412,904,904.0,59.4,68.1,49.9,34.6,64.3,35.7,868
Bihar,2011,Kharia Dhelki Kharia Dudh Kharia Hill Kharia,7814,5852,5717,977,946.0,55.3,65.7,44.8,33.7,54.7,45.3,11569
Bihar,2011,Kharwar,24403,66110,59701,903,942.0,59.4,70.2,47.3,34.9,46.9,53.1,125811
Bihar,2011,Khond,92,81,53,654,615.0,74.3,79.4,66.7,39.6,62.3,37.7,134
Bihar,2011,Kisan Nagesia,6500,14937,13994,937,962.0,41.2,49.1,32.7,38.3,48.4,51.6,28931
Bihar,2011,Kol,4181,5536,5199,939,965.0,41.7,52.4,30.1,44.0,51.7,48.3,10735
Bihar,2011,Kora Mudi- kora,4854,8398,8182,974,998.0,32.6,38.7,26.3,42.6,43.3,56.7,16580
Bihar,2011,Korwa,143,235,217,923,1429.0,32.6,35.2,29.3,46.5,62.4,37.6,452
Bihar,2011,Lohara Lohra,1885,4033,3685,914,957.0,53.6,63.6,42.5,37.9,60.2,39.8,7718
Bihar,2011,Mahli,1090,2169,1963,905,986.0,44.0,53.2,33.7,44.5,59.5,40.5,4132
Bihar,2011,Mal Paharia Kumarbhag Paharia,502,1155,1070,926,879.0,61.7,71.1,51.7,41.0,50.2,49.8,2225
Bihar,2011,Munda Patar,3879,7226,6802,941,1049.0,40.8,48.3,32.6,46.5,60.6,39.4,14028
Bihar,2011,Oraon Dhangar (Oraon),29902,73917,70555,955,992.0,44.5,53.9,34.5,44.2,54.4,45.6,144472
Bihar,2011,Parhaiya,151,325,322,991,1065.0,32.8,37.1,28.3,37.7,24.2,75.8,647
Bihar,2011,Santal,86644,206506,199570,966,972.0,43.1,53.1,32.7,45.1,56.0,44.0,406076
Bihar,2011,Sauria Paharia,587,974,958,984,962.0,45.8,51.3,40.3,36.2,60.7,39.3,1932
Bihar,2011,Savar,40,44,36,818,429.0,61.4,75.7,45.5,42.5,41.2,58.8,80
Bihar,2011,Tharu,28561,81236,78703,969,944.0,63.7,74.2,52.8,48.9,58.6,41.4,159939
Chhattisgarh,2011,Agariya,16805,33384,33812,1013,1006.0,47.0,57.2,37.0,52.6,50.1,49.9,67196
Chhattisgarh,2011,All Schedule Tribes,1779416,3873191,3949711,1020,992.0,59.1,69.7,48.8,52.8,60.3,39.7,7822902
Chhattisgarh,2011,Andh,9,12,9,750,,94.4,100.0,83.3,47.6,100.0,0.0,21
Chhattisgarh,2011,Baiga,21860,44847,44897,1001,1021.0,40.6,50.4,30.8,53.5,57.0,43.0,89744
Chhattisgarh,2011,Bhaina,14581,27896,28079,1007,970.0,60.5,72.5,48.7,54.4,54.6,45.4,55975
Chhattisgarh,2011,Bharia Bhumia Bhuinhar Bhumia Bhumiya Bharia Paliha Pando,26669,57370,56597,987,994.0,48.5,57.8,39.1,52.3,51.6,48.4,113967
Chhattisgarh,2011,Bhattra,48674,105283,108617,1032,1003.0,48.7,60.2,37.6,50.1,51.8,48.2,213900
Chhattisgarh,2011,Bhil Bhilala Barela Patelia,172,303,244,805,1242.0,77.6,81.1,72.9,42.8,81.6,18.4,547
Chhattisgarh,2011,Bhil Mina,29,47,24,511,1250.0,87.1,95.3,68.4,49.3,88.6,11.4,71
Chhattisgarh,2011,Bhunjia,2958,5225,5378,1029,971.0,58.9,74.6,43.8,57.3,49.1,50.9,10603
Chhattisgarh,2011,Biar Biyar,1463,2736,2789,1019,1002.0,60.1,73.7,46.7,52.6,43.6,56.4,5525
Chhattisgarh,2011,Binjhwar,30449,59653,60065,1007,980.0,60.9,73.8,48.0,53.3,58.0,42.0,119718
Chhattisgarh,2011,Birhul Birhor,838,1526,1578,1034,1032.0,39.0,49.6,28.7,57.3,61.0,39.0,3104
Chhattisgarh,2011,Damor Damaria,21,32,24,750,0.0,82.7,96.4,66.7,50.0,92.9,7.1,56
Chhattisgarh,2011,Dhanwar,12586,25723,25272,982,968.0,41.7,51.2,32.0,54.3,52.8,47.2,50995
Chhattisgarh,2011,Gadaba Gadba,2780,4183,4352,1040,1016.0,61.1,73.2,49.5,46.9,58.2,41.8,8535
Chhattisgarh,2011,Gond Arakh Arrakh Agaria Asur Badi Maria Bada Maria Bhatola Bhimma Bhuta Koilabhuta Koliabhuti Bhar Bisonhorn Maria Chota Maria Dan- dami Maria Dhuru Dhurwa Dhoba Dhulia Dorla Gaiki Gatta Gatti Gaita Gond Gowari Hill Maria Kandra Kalanga Khatola Koitar Koya Khir- war Khirwara Kucha Maria Kuchaki Maria Madia Maria Mana Mannewar Moghya Mogia Monghya Mu- dia Muria Nagarchi Nagwanshi Ojha Raj Sonjhari Jhareka Thatia Thotya Wade Maria Vade Maria Daroi,955086,2120974,2177430,1027,997.0,56.7,67.5,46.2,53.1,61.3,38.7,4298404
Chhattisgarh,2011,HalbaHalbi,81656,183877,191305,1040,990.0,76.2,86.6,66.2,52.9,70.5,29.5,375182
Chhattisgarh,2011,Kamar,6700,13070,13460,1030,1010.0,47.7,58.8,37.0,55.1,67.7,32.3,26530
Chhattisgarh,2011,Karku,15,15,7,467,0.0,70.0,84.6,42.9,68.2,93.3,6.7,22
Chhattisgarh,2011,Kawar Kanwar Kaur Cherwa Rathia Tanwar Chattri,205093,441242,446235,1011,979.0,67.0,79.1,55.2,52.2,60.1,39.9,887477
Chhattisgarh,2011,Khairwar Kondar,18167,40165,39651,987,946.0,61.5,72.7,50.3,48.4,53.5,46.5,79816
Chhattisgarh,2011,Kharia,11993,23975,25057,1045,987.0,56.2,66.8,46.3,53.2,62.2,37.8,49032
Chhattisgarh,2011,Kol,5384,10433,10440,1001,1016.0,58.3,69.2,47.4,47.5,59.1,40.9,20873
Chhattisgarh,2011,Kolam,140,210,192,914,1027.0,62.7,71.1,53.2,51.5,64.7,35.3,402
Chhattisgarh,2011,Kondh Khond Kandh,3036,5386,5605,1041,1098.0,64.7,77.4,52.4,53.5,62.8,37.2,10991
Chhattisgarh,2011,Korku Bopchi Mouasi Nihal Nahul Bondhi Bondeya,181,245,239,976,1026.0,53.1,59.7,46.2,53.9,82.4,17.6,484
Chhattisgarh,2011,Korwa Kodaku,30453,64866,64563,995,995.0,38.7,46.2,31.1,55.2,50.6,49.4,129429
Chhattisgarh,2011,Majhi,15591,32739,32288,986,982.0,44.1,54.6,33.5,54.7,56.7,43.3,65027
Chhattisgarh,2011,Majhwar,14002,27613,27707,1003,1021.0,38.3,47.0,29.5,54.1,51.1,48.9,55320
Chhattisgarh,2011,Mawasi,70,114,89,781,1056.0,50.6,62.5,34.3,60.6,41.5,58.5,203
Chhattisgarh,2011,Munda,3908,7653,7442,972,899.0,62.6,73.3,51.8,49.0,63.8,36.2,15095
Chhattisgarh,2011,Nagesia Nagasia,25519,57536,56996,991,1005.0,51.4,61.5,41.2,54.2,54.1,45.9,114532
Chhattisgarh,2011,Oraon Dhanka Dhangad,169485,373065,375724,1007,973.0,68.9,76.6,61.4,52.8,59.9,40.1,748789
Chhattisgarh,2011,Pao,3337,6358,6371,1002,1025.0,61.4,72.8,50.0,53.9,60.6,39.4,12729
Chhattisgarh,2011,Pardhan Pathari Saroti,2859,5479,5632,1028,1019.0,70.7,81.3,60.5,47.8,65.5,34.5,11111
Chhattisgarh,2011,Pardhi Bahelia Bahellia Chita Pardhi Langoli Pardhi Phans Pardhi Shikari Takankar Takia [in (i) Bastar Dantewara Kanker Raigarh Jashpurnagar Surguja and Koria district (ii) Katghora Pali Kar- tala and Korba tahsils of Korba district (iii) Bilaspur Pendra Kota and Takhatpur tahsils of Bilaspur district (iv) Durg Patan Gunderdehi Dhamdha Balod Gurur and Dondilo- hara tahsils of Durg district (v) Chowki Manpur and Mohala Revenue Inspector Circles of Rajnand- gaon district (vi) Ma- hasamund Saraipali and Basna tahsils of Mahasamund district (vii) Bindra-Navagarh Rajim and Deobhog tahsils of Raipur district and (viii) Dhamtari Kurud and Sihava tahsils of Dhamtari district]a,3184,6667,6809,1021,1036.0,45.2,54.7,35.7,56.9,71.1,28.9,13476
Chhattisgarh,2011,Parja,298,595,617,1037,952.0,55.2,64.4,46.5,54.4,53.7,46.3,1212
Chhattisgarh,2011,Sahariya Saharia Seharia Sehria Sosia Sor,50,92,73,793,813.0,80.9,90.8,68.3,51.5,87.1,12.9,165
Chhattisgarh,2011,Saonta Saunta,881,1760,1742,990,963.0,33.0,40.4,25.6,53.5,50.0,50.0,3502
Chhattisgarh,2011,Saur,73,118,110,932,1278.0,58.3,67.0,48.3,36.0,89.0,11.0,228
Chhattisgarh,2011,Sawar Sawara,33479,64769,65940,1018,991.0,65.0,76.4,53.9,49.8,60.0,40.0,130709
Chhattisgarh,2011,Sonr,8,8,9,1125,2000.0,71.4,85.7,57.1,41.2,85.7,14.3,17
Goa,2011,All Schedule Tribes,33362,72948,76327,1046,969.0,79.1,87.2,71.5,42.6,73.5,26.5,149275
Goa,2011,Dhodia,78,153,120,784,1000.0,83.8,85.8,81.2,44.3,72.7,27.3,273
Goa,2011,Dubla (Halpati),20,37,37,1000,1000.0,85.5,93.5,77.4,43.2,90.6,9.4,74
Goa,2011,Gawda,24118,51196,55463,1083,980.0,80.1,88.5,72.4,40.2,74.2,25.8,106659
Goa,2011,Kunbi,1066,2189,2297,1049,1113.0,79.0,88.2,70.2,45.0,72.1,27.9,4486
Goa,2011,Naikda (Talavia),92,201,181,900,840.0,79.2,83.0,75.0,46.6,88.8,11.2,382
Goa,2011,Siddi (Nayaka),59,92,91,989,2000.0,89.7,93.0,86.1,41.0,86.7,13.3,183
Goa,2011,Varli,44,73,45,616,0.0,85.5,89.2,80.0,44.1,84.6,15.4,118
Goa,2011,Velip,6539,16481,15551,944,916.0,75.3,82.7,67.5,50.7,72.0,28.0,32032
Gujarat,2011,All Schedule Tribes,1734738,4501389,4415785,981,953.0,62.5,71.7,53.2,49.7,68.8,31.2,8917174
Gujarat,2011,Barda,171,408,340,833,923.0,65.1,71.3,57.5,47.3,75.7,24.3,748
Gujarat,2011,Bavacha Bamcha,636,1536,1353,881,727.0,72.9,80.1,65.0,41.8,87.9,12.1,2889
Gujarat,2011,Bharwad (in the Nesses of the forests of Alech Barada and Gir)a,310,853,819,960,926.0,57.0,65.0,48.7,42.3,79.1,20.9,1672
Gujarat,2011,Bhil Bhil Garasia Dholi Bhil Dungri Bhil Dungri Garasia Mewasi Bhil Rawal Bhil Tadvi Bhil Bhagalia Bhilala Pawra Vasava Vasave,758046,2133216,2082387,976,953.0,59.8,70.1,49.3,47.9,63.5,36.5,4215603
Gujarat,2011,Bhil Bhilala Barela Patelia,11986,27941,26493,948,963.0,64.3,74.1,53.9,46.4,62.7,37.3,54434
Gujarat,2011,Charan (in the Nesses of the forests of Alech Barada and Gir)a,493,1483,1407,949,828.0,52.7,61.6,43.5,41.9,82.6,17.4,2890
Gujarat,2011,Chaudhri (in Surat and Valsad districts),68639,150446,152512,1014,958.0,72.9,80.0,66.0,55.4,80.6,19.4,302958
Gujarat,2011,Chodhara,2035,3843,3736,972,1008.0,71.7,79.2,64.1,58.3,82.5,17.5,7579
Gujarat,2011,Dhanka Tadvi Tetaria Valvi,59650,144948,136001,938,919.0,65.4,75.5,54.6,52.2,68.7,31.3,280949
Gujarat,2011,Dhodia Dhodi,142534,318087,317608,998,957.0,83.7,90.1,77.2,47.9,80.3,19.7,635695
Gujarat,2011,Dubla Talavia Halpati,148512,322630,320490,993,961.0,65.5,72.2,58.7,56.1,88.3,11.7,643120
Gujarat,2011,Gamit Gamta Gavit Mavchi Padvi,85831,187673,190772,1017,966.0,67.1,74.3,60.0,58.2,72.9,27.1,378445
Gujarat,2011,Gond Rajgond,670,1593,1372,861,862.0,55.9,63.3,47.4,39.8,89.7,10.3,2965
Gujarat,2011,Kathodi Katkari Dhor Kathodi Dhor Kathkari Son Kathodi Son Katkari,2981,6787,6845,1009,955.0,36.5,41.9,31.2,58.4,70.7,29.3,13632
Gujarat,2011,Kokna Kokni Kukna,72090,180075,181512,1008,970.0,66.5,75.1,58.0,51.6,70.6,29.4,361587
Gujarat,2011,Koli Dhor Tokre Koli Kolcha Kolgha,14222,34009,33110,974,967.0,56.5,63.6,49.3,51.4,70.2,29.8,67119
Gujarat,2011,Kunbi (in the Dangs district),12409,30376,30270,997,958.0,80.0,88.3,71.7,53.7,74.8,25.2,60646
Gujarat,2011,Naikda Nayaka Cholivala Nayaka Kapadia Nayaka Mota Nayaka Nana Nayaka,87297,232965,226943,974,958.0,50.1,59.0,40.9,51.1,67.2,32.8,459908
Gujarat,2011,Padhar,5566,15911,15021,944,919.0,41.0,53.1,28.2,45.4,88.3,11.7,30932
Gujarat,2011,Padvi,76,71,65,915,1000.0,62.3,64.1,60.3,60.3,78.0,22.0,136
Gujarat,2011,Pardhi Advichincher Phanse Pardhi (excluding Amreli Bhavnagar Jamnagar Junagadh Kutch Rajkot and Suren- dranagar districts),779,1831,1619,884,885.0,72.3,79.5,64.2,39.9,87.3,12.7,3450
Gujarat,2011,Patelia,21378,58290,56124,963,909.0,71.7,84.3,58.7,49.3,59.4,40.6,114414
Gujarat,2011,Pomla,134,358,329,919,1128.0,73.0,78.7,66.7,46.6,84.7,15.3,687
Gujarat,2011,Rabari (in the Nesses of the forests of Alech Barada and Gir)a,9927,30804,29191,948,930.0,64.2,73.7,54.3,38.2,81.6,18.4,59995
Gujarat,2011,Rathawa,114073,325550,316798,973,951.0,52.9,63.9,41.5,50.2,60.9,39.1,642348
Gujarat,2011,Siddi Siddi- Badshan (in Amreli Bhavna- gar Jamnagar Junagadh Rajkot and Surendranagar districts),1726,4273,4388,1027,1002.0,72.3,79.3,65.4,39.0,84.8,15.2,8661
Gujarat,2011,Tadvi Bhil Bawra Vasave,132,281,291,1036,1063.0,39.8,48.2,31.7,43.2,76.1,23.9,572
Gujarat,2011,Varli,59293,164258,163936,998,953.0,52.7,61.4,44.2,46.7,63.0,37.0,328194
Gujarat,2011,Vitolia Kotwalia Barodia,5674,12155,12094,995,986.0,54.6,59.3,49.9,60.1,73.0,27.0,24249
Himachal Pradesh,2011,All Schedule Tribes,84388,196118,196008,999,930.0,73.6,83.2,64.2,53.5,53.4,46.6,392126
Himachal Pradesh,2011,Beta Beda,55,122,104,852,1438.0,73.8,76.4,70.4,63.7,42.4,57.6,226
Himachal Pradesh,2011,Bhot Bodh,6192,13409,13782,1028,975.0,79.9,88.1,71.9,55.1,76.8,23.2,27191
Himachal Pradesh,2011,Domba Gara Zoba,79,139,92,662,455.0,79.4,86.3,69.5,55.4,68.8,31.3,231
Himachal Pradesh,2011,Gaddi,37161,88466,89664,1014,930.0,73.3,83.5,63.3,52.3,38.3,61.7,178130
Himachal Pradesh,2011,Gujjar,17354,47576,44971,945,907.0,66.7,75.9,57.1,49.7,56.8,43.2,92547
Himachal Pradesh,2011,Jad Lamba Khampa,497,1055,919,871,933.0,79.4,84.4,73.8,48.5,73.6,26.4,1974
Himachal Pradesh,2011,Kanaura Kin- nara,13368,24728,26266,1062,971.0,81.8,90.1,74.0,63.4,79.4,20.6,50994
Himachal Pradesh,2011,Lahaula,795,1423,1463,1028,829.0,83.4,92.4,74.7,51.5,71.0,29.0,2886
Himachal Pradesh,2011,Pangwala,3767,8847,8715,985,913.0,72.0,83.4,60.5,54.7,28.9,71.1,17562
Himachal Pradesh,2011,Swangla,2135,4829,4801,994,1002.0,78.5,88.4,68.6,52.9,80.5,19.5,9630
Jammu and Kashmir,2011,All Schedule Tribes,270194,776257,717042,924,912.0,50.6,60.6,39.7,35.7,45.2,54.8,1493299
Jammu and Kashmir,2011,Bakarwal,21148,59621,53577,899,892.0,31.8,40.5,22.2,41.6,47.3,52.7,113198
Jammu and Kashmir,2011,Balti,8001,26473,25445,961,971.0,71.1,82.5,59.3,31.4,53.1,46.9,51918
Jammu and Kashmir,2011,Beda,126,216,204,944,1344.0,68.7,75.0,61.5,32.1,68.1,31.9,420
Jammu and Kashmir,2011,Bot Boto,18167,45295,46200,1020,957.0,70.3,79.2,61.6,46.2,63.2,36.8,91495
Jammu and Kashmir,2011,Brokpa Drokpa Dard Shin,7591,25240,23199,919,930.0,67.9,79.5,55.2,27.2,47.9,52.1,48439
Jammu and Kashmir,2011,Changpa,599,1355,1306,964,983.0,57.0,66.8,46.7,53.6,50.9,49.1,2661
Jammu and Kashmir,2011,Gaddi,8712,23808,22681,953,935.0,53.5,68.2,38.2,44.6,56.8,43.2,46489
Jammu and Kashmir,2011,Garra,134,275,229,833,1029.0,71.3,81.3,58.8,44.8,66.8,33.2,504
Jammu and Kashmir,2011,Gujjar,177353,510710,469944,920,904.0,47.3,57.2,36.5,34.4,41.5,58.5,980654
Jammu and Kashmir,2011,Mon,183,418,411,983,1000.0,72.3,81.7,62.7,33.3,67.0,33.0,829
Jammu and Kashmir,2011,Purigpa,5874,20119,18982,943,971.0,67.5,78.6,55.7,29.0,41.2,58.8,39101
Jammu and Kashmir,2011,Sippi,1045,3064,2902,947,960.0,53.1,66.1,39.2,40.1,60.4,39.6,5966
Jharkhand,2011,All Schedule Tribes,1761025,4315407,4329635,1003,976.0,57.1,68.2,46.2,46.9,46.2,53.8,8645042
Jharkhand,2011,Asur Agaria,4399,11473,10986,958,956.0,46.9,58.0,35.4,47.5,50.5,49.5,22459
Jharkhand,2011,Baiga,777,1829,1753,958,1104.0,36.7,43.3,29.6,46.5,25.6,74.4,3582
Jharkhand,2011,Banjara,202,242,245,1012,939.0,40.3,55.4,25.6,39.0,58.9,41.1,487
Jharkhand,2011,Bathudi,923,1754,1710,975,866.0,51.2,63.1,39.2,50.0,47.4,52.6,3464
Jharkhand,2011,Bedia,19631,50207,49954,995,1023.0,58.0,69.0,46.9,42.8,54.9,45.1,100161
Jharkhand,2011,Bhumij,48610,104910,104538,996,968.0,56.7,70.4,43.0,46.5,38.9,61.1,209448
Jharkhand,2011,Binjhia,3109,7320,7084,968,928.0,56.3,68.9,43.4,51.3,54.2,45.8,14404
Jharkhand,2011,Birhor,2661,5472,5254,960,968.0,34.5,41.3,27.4,47.4,42.6,57.4,10726
Jharkhand,2011,Birjia,1358,3174,3102,977,997.0,50.2,61.7,38.4,49.6,45.0,55.0,6276
Jharkhand,2011,Chero,19306,48860,46715,956,947.0,63.6,76.2,50.4,38.1,33.4,66.6,95575
Jharkhand,2011,Chik Baraik,11723,27126,27037,997,960.0,64.5,75.3,53.6,47.7,55.3,44.7,54163
Jharkhand,2011,Gond,11338,26925,26751,994,971.0,59.8,71.0,48.6,47.1,53.4,46.6,53676
Jharkhand,2011,Gorait,1117,2527,2446,968,988.0,62.0,72.6,51.0,43.5,51.7,48.3,4973
Jharkhand,2011,Ho,185982,459209,469080,1021,992.0,54.0,67.0,41.4,45.9,47.2,52.8,928289
Jharkhand,2011,Karmali,12664,33203,30951,932,912.0,62.4,73.7,50.3,37.1,53.1,46.9,64154
Jharkhand,2011,Kawar,1874,4082,4063,995,981.0,64.3,76.9,51.7,51.4,53.5,46.5,8145
Jharkhand,2011,Kharia Dhelki Kharia Dudh Kharia Hill Kharia,41247,97139,98996,1019,990.0,65.9,73.0,58.9,50.6,53.0,47.0,196135
Jharkhand,2011,Kharwar,46458,126763,122211,964,983.0,56.4,68.2,44.2,44.2,33.0,67.0,248974
Jharkhand,2011,Khond,180,114,107,939,778.0,62.4,76.0,48.4,46.6,44.7,55.3,221
Jharkhand,2011,Kisan Nagesia,7638,18880,18385,974,989.0,49.5,60.2,38.5,53.8,40.9,59.1,37265
Jharkhand,2011,Kol,10163,27037,26547,982,1013.0,47.7,60.3,34.8,44.6,36.2,63.8,53584
Jharkhand,2011,Kora Mudi- kora,7733,16487,16299,989,955.0,55.5,68.5,42.4,42.7,40.5,59.5,32786
Jharkhand,2011,Korwa,7462,18000,17606,978,1002.0,37.9,45.8,29.7,51.0,25.6,74.4,35606
Jharkhand,2011,Lohra,43517,109383,106843,977,962.0,56.2,67.1,45.1,46.0,49.8,50.2,216226
Jharkhand,2011,Mahli,34509,76631,76032,992,983.0,54.2,66.0,42.4,48.0,56.1,43.9,152663
Jharkhand,2011,Mal Paharia Kumarbhag Paharia,30235,67791,68006,1003,997.0,39.6,49.1,30.2,49.3,45.0,55.0,135797
Jharkhand,2011,Munda Patar,248747,614199,615022,1001,973.0,62.6,72.9,52.4,48.0,53.2,46.8,1229221
Jharkhand,2011,Oraon Dhangar (Oraon),324826,855210,861408,1007,967.0,67.0,75.9,58.1,45.4,53.3,46.7,1716618
Jharkhand,2011,Parhaiya,5725,13070,12515,958,988.0,33.1,41.5,24.3,45.7,26.2,73.8,25585
Jharkhand,2011,Santal,569996,1371168,1383555,1009,975.0,50.8,62.9,39.0,48.1,39.6,60.4,2754723
Jharkhand,2011,Sauria Paharia,10215,22970,23252,1012,1034.0,39.7,48.9,30.6,51.6,40.4,59.6,46222
Jharkhand,2011,Savar,2752,4864,4824,992,1019.0,33.7,43.3,24.0,48.2,30.8,69.2,9688
Karnataka,2011,Adiyan,229,373,385,1032,1394.0,78.6,84.4,72.9,41.3,84.7,15.3,758
Karnataka,2011,All Schedule Tribes,944081,2134754,2114233,990,964.0,62.1,71.1,53.0,50.3,80.7,19.3,4248987
Karnataka,2011,Barda,89,139,127,914,867.0,71.8,83.9,58.8,50.0,82.7,17.3,266
Karnataka,2011,Bavacha Bamcha,232,481,479,996,1054.0,80.5,90.6,70.2,47.1,91.2,8.8,960
Karnataka,2011,Bhil Bhil Garasia Dholi Bhil Dungri Bhil Dungri Garasia Mewasi Bhil Rawal Bhil Tadvi Bhil Bhagalia Bhilala Pawra Vasava Vasave,1978,3136,3068,978,938.0,60.7,70.2,51.1,42.8,78.0,22.0,6204
Karnataka,2011,Chenchu Chenchwar,426,465,489,1052,680.0,48.0,58.4,39.0,48.0,73.4,26.6,954
Karnataka,2011,Chodhara,40,72,45,625,643.0,78.7,82.8,72.2,45.3,92.5,7.5,117
Karnataka,2011,Dubla Talavia Halpati,132,143,121,846,700.0,62.6,72.4,51.4,51.9,78.8,21.2,264
Karnataka,2011,Gamit Gamta Gavit Mavchi Padvi Valvi,315,264,252,955,1219.0,66.5,73.3,59.2,44.6,79.6,20.4,516
Karnataka,2011,Gond Naikpod Rajgond,32124,80691,77552,961,931.0,63.4,72.3,54.3,45.5,78.2,21.8,158243
Karnataka,2011,Gowdalu,2156,4282,4335,1012,1031.0,71.7,76.2,67.2,52.7,87.0,13.0,8617
Karnataka,2011,Hakkipikki,3038,6039,5853,969,1028.0,44.2,51.3,36.8,50.4,75.7,24.3,11892
Karnataka,2011,Hasalaru,6002,11849,12617,1065,985.0,66.2,74.6,58.4,56.9,88.9,11.1,24466
Karnataka,2011,Irular,248,360,343,953,898.0,43.1,45.2,41.0,58.5,79.6,20.4,703
Karnataka,2011,Iruliga,2507,5267,4992,948,991.0,44.9,49.5,40.0,52.3,80.5,19.5,10259
Karnataka,2011,Jenu Kuruba,8767,17948,18128,1010,964.0,56.1,59.1,53.1,58.2,86.1,13.9,36076
Karnataka,2011,Kadu Kuruba,2580,5984,5969,997,987.0,54.6,63.9,45.3,49.1,80.2,19.8,11953
Karnataka,2011,Kammara (in South Kanara disitrict and Kollegal taluk of Mysore district)c,252,493,456,925,1000.0,62.9,72.1,52.9,50.1,74.1,25.9,949
Karnataka,2011,Kaniyan Kanyan (in Kollegal taluk of Mysore district)d,101,204,209,1025,1250.0,73.2,79.3,67.2,41.2,70.6,29.4,413
Karnataka,2011,Kathodi Katkari Dhor Kathodi Dhor Kathkari Son Kathodi Son Katkari,86,143,131,916,880.0,53.7,60.2,46.8,50.7,80.6,19.4,274
Karnataka,2011,Kattunayakan,60,83,85,1024,889.0,80.8,89.2,72.7,41.7,87.1,12.9,168
Karnataka,2011,Kokna Kokni Kukna,19,15,17,1133,1000.0,73.3,92.9,56.3,53.1,88.2,11.8,32
Karnataka,2011,Koli Dhor Tokre Koli Kolcha Kolgha,22405,57304,54886,958,916.0,58.0,68.4,47.3,47.5,77.8,22.2,112190
Karnataka,2011,Konda Kapus,4580,3988,3450,865,1003.0,76.2,81.5,69.9,51.5,87.4,12.6,7438
Karnataka,2011,Koraga,3436,7210,7584,1052,1051.0,72.7,77.9,67.8,52.7,88.3,11.7,14794
Karnataka,2011,Kota,45,70,51,729,833.0,70.9,71.9,69.6,60.3,76.7,23.3,121
Karnataka,2011,Koya Bhine Koya Rajkoya,91,193,172,891,933.0,60.9,71.8,48.6,42.2,87.7,12.3,365
Karnataka,2011,Kudiya Melakudi,554,1101,1068,970,806.0,77.4,82.6,72.2,56.7,91.5,8.5,2169
Karnataka,2011,Kuruba (in Coorg district)a,946,1547,1564,1011,1028.0,59.9,65.7,54.2,58.2,94.1,5.9,3111
Karnataka,2011,Kurumans,129,183,164,896,1800.0,77.1,82.7,70.5,47.3,91.5,8.5,347
Karnataka,2011,Maha Malasar,31,26,10,385,1000.0,67.6,72.0,55.6,61.1,81.8,18.2,36
Karnataka,2011,Malaikudi,2022,4535,4701,1037,1014.0,77.9,83.8,72.1,56.1,91.4,8.6,9236
Karnataka,2011,Malasar,42,40,42,1050,2000.0,80.8,86.5,75.0,48.8,95.0,5.0,82
Karnataka,2011,Malayekandi,57,61,55,902,2667.0,86.7,93.1,78.7,56.9,97.0,3.0,116
Karnataka,2011,Maleru,162,227,213,938,1158.0,82.5,87.0,77.5,46.4,89.2,10.8,440
Karnataka,2011,Maratha (in Coorg district)a,876,1645,1751,1064,920.0,81.6,87.5,76.1,56.3,91.0,9.0,3396
Karnataka,2011,Marati (in South Kanara district)e,18476,40954,41493,1013,958.0,80.9,87.0,74.9,54.2,90.4,9.6,82447
Karnataka,2011,Meda Medari Gau- riga Burud,10474,22100,22060,998,942.0,75.4,83.2,67.7,46.6,86.3,13.7,44160
Karnataka,2011,Naikda Nayaka Cholivala Nayaka Kapadia Nayaka Mota Nayaka Nana Nayaka Naik Nayak Beda Bedar and Valmiki,708143,1656859,1639495,990,966.0,60.8,70.3,51.2,50.6,80.4,19.6,3296354
Karnataka,2011,Palliyan,91,112,114,1018,1333.0,75.6,84.5,66.7,49.6,94.6,5.4,226
Karnataka,2011,Paniyan,146,237,258,1089,1500.0,51.6,57.3,46.1,61.2,95.7,4.3,495
Karnataka,2011,Pardhi Advichincher Phanse Pardhi Haran- shikari,2316,5415,5331,984,973.0,38.0,47.3,28.5,47.4,79.4,20.6,10746
Karnataka,2011,Patelia,20,34,23,676,1000.0,79.2,78.1,81.0,52.6,80.0,20.0,57
Karnataka,2011,Rathawa,19,27,18,667,0.0,70.3,89.5,50.0,46.7,85.7,14.3,45
Karnataka,2011,Sholaga,22,28,24,857,750.0,71.1,79.2,61.9,44.2,82.6,17.4,52
Karnataka,2011,Siddi (in Uttar Kan- nada district),2591,5164,5313,1029,1098.0,69.1,75.9,62.4,52.7,79.4,20.6,10477
Karnataka,2011,Soligaru,8443,16860,16959,1006,979.0,54.3,60.6,48.0,54.4,77.1,22.9,33819
Karnataka,2011,Toda,43,66,81,1227,3000.0,85.9,90.5,81.9,50.3,85.1,14.9,147
Karnataka,2011,Varli,30,38,20,526,200.0,76.9,78.8,73.7,56.9,90.9,9.1,58
Karnataka,2011,Vitolia Kotwalia Barodia,17,8,15,1875,,52.4,75.0,38.5,52.2,100.0,0.0,23
Karnataka,2011,Yerava,8591,14862,15497,1043,1029.0,48.0,52.9,43.4,61.1,93.4,6.6,30359
Kerala,2011,Adiyan,2668,5515,6011,1090,940.0,66.8,73.6,60.7,50.7,74.8,25.2,11526
Kerala,2011,All Schedule Tribes,140468,238203,246636,1035,949.0,75.8,80.8,71.1,47.5,70.1,29.9,484839
Kerala,2011,Arandan Aranadan,82,129,154,1194,581.0,50.4,57.1,45.6,43.1,67.2,32.8,283
Kerala,2011,Cholanaickan,42,72,52,722,750.0,19.8,12.5,30.0,37.9,21.3,78.7,124
Kerala,2011,Eravallan,1302,2362,2435,1031,960.0,53.0,56.7,49.4,58.4,91.7,8.3,4797
Kerala,2011,Hill Pulaya Mala Pulayan Kurumba Pulayan Karavazhi Pulayan Pamba Pulayan,874,1461,1498,1025,841.0,61.2,65.0,57.6,59.2,84.8,15.2,2959
Kerala,2011,Irular Irulan,6710,11766,11955,1016,952.0,62.8,68.4,57.3,52.1,67.4,32.6,23721
Kerala,2011,Kadar Wayanad Kadar,769,1454,1495,1028,1033.0,71.2,76.1,66.4,47.5,59.5,40.5,2949
Kerala,2011,Kanikaran Kanikkar,6463,9975,11276,1130,1022.0,88.0,90.7,85.5,42.4,64.4,35.6,21251
Kerala,2011,Karimpalan,3786,6902,7196,1043,1050.0,84.0,88.4,79.7,47.9,65.7,34.3,14098
Kerala,2011,Kattunayakan,4500,9039,9160,1013,943.0,57.5,60.7,54.3,49.2,57.6,42.4,18199
Kerala,2011,Kochuvelan,11,22,16,727,500.0,91.4,90.0,93.3,39.5,73.3,26.7,38
Kerala,2011,Koraga,390,778,804,1033,1250.0,77.2,81.3,73.1,52.8,66.1,33.9,1582
Kerala,2011,Kudiya Melakudi,169,403,382,948,1393.0,80.8,87.7,73.2,42.9,66.2,33.8,785
Kerala,2011,Kurichchan Kurichi- yan,8583,17643,17528,993,947.0,83.6,89.4,77.8,48.3,68.1,31.9,35171
Kerala,2011,Kurumans Mullu Ku- ruman Mulla Kuru- man Mala Kuruman,6330,12148,12357,1017,944.0,84.1,91.3,77.1,49.4,74.0,26.0,24505
Kerala,2011,Kurumbas Kurum- bar Kurumban,723,1302,1284,986,911.0,56.3,66.1,46.4,49.4,86.2,13.8,2586
Kerala,2011,Maha Malasar,65,71,83,1169,1600.0,53.1,57.4,49.3,43.5,62.7,37.3,154
Kerala,2011,Mala Panickar,259,474,549,1158,684.0,83.5,85.1,82.2,36.9,77.2,22.8,1023
Kerala,2011,Mala Vettuvan (in Kasargode and Kan- nur districts),4191,8852,9017,1019,823.0,65.8,70.0,61.7,47.7,73.0,27.0,17869
Kerala,2011,Malai Arayan Mala Arayan,9749,16622,16594,998,882.0,96.3,97.2,95.4,45.1,74.6,25.4,33216
Kerala,2011,Malai Pandaram,715,1227,1195,974,767.0,60.2,65.0,55.6,43.6,63.4,36.6,2422
Kerala,2011,Malai Vedan Mala- vedan,2382,3901,4248,1089,990.0,81.9,85.9,78.3,44.0,71.8,28.2,8149
Kerala,2011,Malakkuravan,61,88,87,989,1750.0,65.9,73.8,57.5,46.3,79.0,21.0,175
Kerala,2011,Malasar,850,1607,1588,988,802.0,48.7,52.1,45.4,55.3,76.7,23.3,3195
Kerala,2011,Malayan Nattu Malayan Konga Malayan (excluding the areas comprising the Kasargode Con- nanore Wayanad and Kozhikode districts),1679,2890,3027,1047,1008.0,64.4,69.7,59.3,49.2,69.5,30.5,5917
Kerala,2011,Malayarayar,549,762,806,1058,1118.0,80.7,84.0,77.5,51.4,81.5,18.5,1568
Kerala,2011,Mannan (to be spelt in Malayalam script in parenthesis),2804,4792,4988,1041,969.0,69.3,76.5,62.3,53.1,59.6,40.4,9780
Kerala,2011,Mavilan,7814,14972,15895,1062,942.0,77.2,83.5,71.3,48.0,72.2,27.8,30867
Kerala,2011,Muthuvan Mudugar Muduvan,6404,11931,11815,990,939.0,56.9,67.1,46.7,55.4,63.8,36.2,23746
Kerala,2011,Palleyan Palliyan Pal- liyar Paliyan,453,736,728,989,792.0,73.5,79.7,67.3,61.2,86.3,13.7,1464
Kerala,2011,Paniyan,19331,42775,45675,1068,973.0,63.2,69.9,57.0,49.8,68.5,31.5,88450
Kerala,2011,Ten Kurumban Jenu Kurumban,7,10,15,1500,2500.0,61.1,50.0,70.0,40.0,20.0,80.0,25
Kerala,2011,Thachanadan Thachanadan Moopan,443,859,886,1031,832.0,79.4,85.5,73.7,49.7,61.2,38.8,1745
Kerala,2011,Ulladan Ullatan,4630,7877,8353,1060,925.0,88.4,91.2,85.8,42.8,73.5,26.5,16230
Kerala,2011,Uraly,3298,5602,5577,996,975.0,80.1,84.0,76.2,55.2,75.9,24.1,11179
Kerala,2011,Vetta Kuruman,308,346,393,1136,1231.0,70.1,80.5,60.9,49.9,25.2,74.8,739
Lakshadweep,2011,All Schedule Tribes,10729,30515,30605,1003,907.0,91.7,95.7,87.8,26.8,56.2,43.8,61120
Lakshadweep,2011,Inhabitants of the Laccadive Minicoy and Amindivi Islands who and both of whose parents were born in those islands.a,4,2,2,1000,0.0,100.0,100.0,100.0,25.0,100.0,0.0,4
Madhya Pradesh,2011,Agariya,9609,20706,20537,992,965.0,43.9,52.6,35.2,49.9,54.4,45.6,41243
Madhya Pradesh,2011,All Schedule Tribes,3198352,7719404,7597380,984,952.0,50.6,59.6,41.5,49.9,63.7,36.3,15316784
Madhya Pradesh,2011,Andh,34,70,67,957,733.0,81.1,85.5,76.8,39.4,90.7,9.3,137
Madhya Pradesh,2011,Baiga,100135,207588,206938,997,980.0,47.2,56.4,37.9,51.4,48.7,51.3,414526
Madhya Pradesh,2011,Bhaina,1649,3192,3165,992,977.0,55.5,66.0,44.8,54.6,54.4,45.6,6357
Madhya Pradesh,2011,Bharia Bhumia Bhuinhar Bhumia Bhumiya Bharia Paliha Pando,43603,97574,95656,980,948.0,47.9,57.0,38.7,49.1,47.4,52.6,193230
Madhya Pradesh,2011,Bhattra,251,599,556,928,914.0,59.5,74.5,43.3,36.8,43.8,56.2,1155
Madhya Pradesh,2011,Bhil Bhilala Barela Patelia,1118542,3016445,2977476,987,951.0,42.2,50.3,34.1,49.7,72.4,27.6,5993921
Madhya Pradesh,2011,Bhil Mina,828,1194,1050,879,1031.0,51.0,59.1,41.4,50.3,76.0,24.0,2244
Madhya Pradesh,2011,Bhunjia,317,767,702,915,740.0,89.5,93.0,85.7,35.7,91.2,8.8,1469
Madhya Pradesh,2011,Biar Biyar,2543,5390,5062,939,895.0,46.4,57.6,34.6,44.5,66.4,33.6,10452
Madhya Pradesh,2011,Binjhwar,3737,7766,8039,1035,906.0,65.2,75.2,55.7,55.8,59.6,40.4,15805
Madhya Pradesh,2011,Birhul Birhor,14,27,25,926,1333.0,88.9,87.5,90.5,26.9,92.9,7.1,52
Madhya Pradesh,2011,Damor Damaria,419,936,879,939,862.0,50.8,57.9,43.4,44.6,63.0,37.0,1815
Madhya Pradesh,2011,Dhanwar,555,1109,1066,961,939.0,66.3,74.3,58.1,46.9,70.2,29.8,2175
Madhya Pradesh,2011,Gadaba Gadba,208,295,283,959,1171.0,77.1,83.1,70.6,36.3,78.6,21.4,578
Madhya Pradesh,2011,Gond Arakh Arrakh Agaria Asur Badi Maria Bada Maria Bhatola Bhimma Bhuta Koilabhuta Koliabhuti Bhar Bisonhorn Maria Chota Maria Dan- dami Maria Dhuru Dhurwa Dhoba Dhulia Dorla Gaiki Gatta Gatti Gaita Gond Gowari Hill Maria Kandra Kalanga Khatola Koitar Koya Khir- war Khirwara Kucha Maria Kuchaki Maria Madia Maria Mana Mannewar Moghya Mogia Monghya Mu- dia Muria Nagarchi Nagwanshi Ojha Raj Sonjhari Jhareka Thatia Thotya Wade Maria Vade Maria Daroi,1128473,2549973,2543151,997,963.0,60.1,70.0,50.2,51.5,58.4,41.6,5093124
Madhya Pradesh,2011,HalbaHalbi,3552,7148,7290,1020,971.0,84.3,90.6,78.3,44.5,74.9,25.1,14438
Madhya Pradesh,2011,Kamar,171,333,333,1000,1000.0,72.0,81.4,62.5,43.5,49.3,50.7,666
Madhya Pradesh,2011,Karku,155,156,109,699,421.0,51.7,54.7,47.5,54.0,79.7,20.3,265
Madhya Pradesh,2011,Kawar Kanwar Kaur Cherwa Rathia Tanwar Chattri,4665,9380,9223,983,971.0,71.7,81.3,62.0,46.8,56.0,44.0,18603
Madhya Pradesh,2011,Khairwar Kondar,15953,39193,36904,942,935.0,47.2,56.7,37.2,45.5,62.3,37.7,76097
Madhya Pradesh,2011,Kharia,637,1258,1171,931,779.0,60.9,66.2,55.3,48.0,83.2,16.8,2429
Madhya Pradesh,2011,Kol,269278,595338,572356,961,931.0,50.6,59.8,41.0,47.5,54.3,45.7,1167694
Madhya Pradesh,2011,Kolam,92,112,112,1000,1400.0,52.8,60.9,44.0,49.1,38.2,61.8,224
Madhya Pradesh,2011,Kondh Khond Kandh,53,54,55,1019,1083.0,72.6,81.0,64.3,41.3,77.8,22.2,109
Madhya Pradesh,2011,Korku Bopchi Mouasi Nihal Nahul Bondhi Bondeya,142317,372552,358295,962,944.0,49.9,59.6,39.8,51.0,63.8,36.2,730847
Madhya Pradesh,2011,Korwa Kodaku,539,459,461,1004,1167.0,48.6,55.2,41.9,42.5,77.5,22.5,920
Madhya Pradesh,2011,Majhi,10882,26513,24142,911,931.0,72.6,81.1,63.1,36.4,76.9,23.1,50655
Madhya Pradesh,2011,Majhwar,136,226,217,960,1115.0,78.6,83.0,73.9,33.9,86.0,14.0,443
Madhya Pradesh,2011,Mawasi,21437,55234,53946,977,965.0,44.7,52.8,36.5,48.9,46.6,53.4,109180
Madhya Pradesh,2011,Munda,1191,2669,2372,889,939.0,64.5,72.2,55.7,38.6,83.2,16.8,5041
Madhya Pradesh,2011,Nagesia Nagasia,102,180,179,994,667.0,75.5,81.4,69.9,35.7,69.5,30.5,359
Madhya Pradesh,2011,Oraon Dhanka Dhangad,7478,14275,14156,992,971.0,80.9,84.8,76.9,44.0,85.1,14.9,28431
Madhya Pradesh,2011,Panika [in (i)Chhatar- pur Panna Rewa Satna Shahdol Umaria Sidhi and Tikamgarh districts c  and (ii) Sevda and Datia tehsils of Datia district)],23280,49546,48221,973,918.0,63.0,72.6,53.2,46.4,59.5,40.5,97767
Madhya Pradesh,2011,Pao,11126,21706,22606,1041,978.0,54.5,65.5,44.0,53.6,37.8,62.2,44312
Madhya Pradesh,2011,Pardhan Pathari Saroti,30697,62189,61553,990,974.0,70.3,79.3,61.2,49.4,57.6,42.4,123742
Madhya Pradesh,2011,Pardhi Bahelia Bahellia Chita Par- dhi Langoli Pardhi Phans Pardhi Shikari Takankar Takia [in (i) Chhindwara Mandla Dindori and Seoni districts (ii) Baihar tehsil of Balaghat district (iii) Betul Bhainsdehi and Shahpur tahsils of Betul district (iv) Patan tahsil and Sihora and Majholi blocks of Jabalpur disitrict (v) Katni (Murwara) and Vijaya Raghogarh tahsils and Bahoriband and Dhemerkheda blocks of Katni district (vi) Hoshangabad Babai Sohagpur Pipariya and Bankhedi tahsils and Kesla block of Hoshangabad district (vii) Narsinghpur dis- trict and (viii) Harsud tahsil of Khandwa district]d,1354,3029,2867,947,1002.0,43.8,50.1,37.0,47.4,70.4,29.6,5896
Madhya Pradesh,2011,Parja,39,70,67,957,1250.0,50.0,60.3,38.5,48.2,62.1,37.9,137
Madhya Pradesh,2011,Sahariya Saharia Seharia Sehria Sosia Sor,134040,316541,298417,943,932.0,42.1,51.7,32.0,44.9,64.1,35.9,614958
Madhya Pradesh,2011,Saonta Saunta,132,113,77,681,923.0,41.8,41.0,43.1,59.5,63.7,36.3,190
Madhya Pradesh,2011,Saur,37481,86357,80983,938,940.0,45.2,53.2,36.7,46.9,65.4,34.6,167340
Madhya Pradesh,2011,Sawar Sawara,304,464,417,899,925.0,56.4,60.1,52.3,43.9,49.4,50.6,881
Madhya Pradesh,2011,Sonr,3443,6644,6261,942,844.0,45.8,53.4,38.0,46.5,65.2,34.8,12905
Maharashtra,2011,All Schedule Tribes,2273907,5315025,5195188,977,955.0,65.7,74.3,57.0,50.6,82.3,17.7,10510213
Maharashtra,2011,Andh,100610,243300,230810,949,928.0,72.8,82.5,62.7,51.4,89.1,10.9,474110
Maharashtra,2011,Baiga,118,195,138,708,793.0,69.0,77.7,56.5,58.3,82.5,17.5,333
Maharashtra,2011,Barda,331,628,619,986,1150.0,70.7,78.1,63.0,40.3,95.2,4.8,1247
Maharashtra,2011,Bavacha Bamcha,129,186,159,855,1100.0,72.9,74.7,70.8,54.5,86.7,13.3,345
Maharashtra,2011,Bhaina,95,148,122,824,1308.0,81.7,87.4,74.3,42.2,90.4,9.6,270
Maharashtra,2011,Bharia Bhumia Bhu- inhar Bhumia Pando,464,750,598,797,950.0,80.1,83.9,75.3,42.5,90.4,9.6,1348
Maharashtra,2011,Bhattra,22,31,35,1129,1750.0,69.1,74.1,64.3,42.4,100.0,0.0,66
Maharashtra,2011,Bhil Bhil Garasia Dholi Bhil Dungri Bhil Dungri Garasia Mewasi Bhil Rawal Bhil Tadvi Bhil Bhagalia Bhilala Pawra Vasava Vasave,512708,1306793,1281866,981,960.0,52.6,61.1,44.0,52.1,86.7,13.3,2588659
Maharashtra,2011,Bhunjia,481,1155,981,849,778.0,90.4,92.3,88.3,34.2,88.2,11.8,2136
Maharashtra,2011,Binjhwar,2020,4256,4311,1013,934.0,71.0,81.4,60.9,55.0,70.9,29.1,8567
Maharashtra,2011,Birhul Birhor,39,90,55,611,636.0,66.1,73.4,54.2,51.7,69.3,30.7,145
Maharashtra,2011,Dhanka Tadvi Tetaria Valvi,8088,17969,17135,954,939.0,65.0,73.0,56.5,47.9,80.2,19.8,35104
Maharashtra,2011,Dhanwar,1055,2125,1969,927,978.0,79.3,86.4,71.6,42.6,89.5,10.5,4094
Maharashtra,2011,Dhodia,4348,8652,8868,1025,926.0,78.8,86.0,71.8,45.2,84.4,15.6,17520
Maharashtra,2011,Dubla Talavia Halpati,4447,9204,9493,1031,962.0,69.1,78.1,60.4,49.4,90.0,10.0,18697
Maharashtra,2011,Gamit Gamta Gavit Mavchi Padvi,16364,33911,33885,999,951.0,58.8,65.3,52.3,56.0,90.8,9.2,67796
Maharashtra,2011,Gond Rajgond Arakh Arrakh Agaria Asur Badi Maria  Bada Maria Bhatola Bhimma Bhuta Koilabhuta Koilabhuti Bhar Bi- sonhorn Maria Chota Maria Dandami Ma- ria Dhuru Dhurwa Dhoba Dhulia Dorla Gaiki Gatta Gatti Gaita Gond Gowari Hill Maria Kandra Kalanga Khatola Koitar Koya Khir- war Khirwara Kucha Maria Kuchaki Maria Madia Maria Mana Mannewar Moghya Mogia Monghya Mudia Muria Nagarchi Naikpod Nagwanshi Ojha Raj Sonjhari Jhareka Thatia Tho- tya Wade Maria Vade Maria,378223,818955,799135,976,964.0,74.7,82.4,66.8,53.8,75.1,24.9,1618090
Maharashtra,2011,HalbaHalbi,58835,132245,128766,974,944.0,88.1,93.7,82.3,41.2,79.2,20.8,261011
Maharashtra,2011,Kamar,400,793,598,754,902.0,82.9,88.2,75.8,44.5,86.9,13.1,1391
Maharashtra,2011,Kathodi Katkari Dhor Kathodi Dhor Kathkari Son Kathodi Son Katkari,67392,142619,142715,1001,966.0,41.7,49.4,34.0,51.6,69.8,30.2,285334
Maharashtra,2011,Kawar Kanwar Kaur Cherwa Rathia Tanwar Chattri,6014,13697,12657,924,931.0,76.8,85.3,67.6,52.7,66.2,33.8,26354
Maharashtra,2011,Khairwar,466,1107,736,665,774.0,75.6,81.8,66.1,45.4,91.1,8.9,1843
Maharashtra,2011,Kharia,228,370,375,1014,778.0,76.9,83.5,70.6,45.2,80.1,19.9,745
Maharashtra,2011,Kokna Kokni Kukna,143647,346001,341430,987,970.0,70.5,78.5,62.5,52.9,87.2,12.8,687431
Maharashtra,2011,Kol,1917,3548,3326,937,1008.0,71.7,78.7,64.1,46.4,73.0,27.0,6874
Maharashtra,2011,Kolam Mannervarlu,46185,98319,96352,980,943.0,71.1,79.4,62.7,53.6,86.0,14.0,194671
Maharashtra,2011,Koli Dhor Tokre Koli Kolcha Kolgha,52206,112666,107408,953,861.0,75.2,84.4,65.7,49.3,86.6,13.4,220074
Maharashtra,2011,Koli Mahadev Don- gar Koli,314117,742439,717126,966,930.0,74.6,83.1,65.9,48.2,87.3,12.7,1459565
Maharashtra,2011,Koli Malhar,67189,141698,141170,996,947.0,65.3,75.7,55.0,48.3,76.5,23.5,282868
Maharashtra,2011,Kondh Khond Kandh,273,272,243,893,878.0,78.5,84.8,71.5,47.0,90.9,9.1,515
Maharashtra,2011,Korku Bopchi Mouasi Nihal Nahul Bondhi Bondeya,50711,134931,129561,960,973.0,73.4,82.4,64.0,49.0,78.8,21.2,264492
Maharashtra,2011,Koya Bhine Koya Rajkoya,101,209,179,856,905.0,85.9,89.4,81.9,38.4,88.6,11.4,388
Maharashtra,2011,Nagesia Nagasia,42,75,58,773,417.0,81.0,90.5,69.8,44.4,79.7,20.3,133
Maharashtra,2011,Naikda Nayaka Cholivala Nayaka Kapadia Nayaka Mota Nayaka Nana Nayaka,5032,11717,10590,904,845.0,71.1,81.4,59.8,51.9,87.9,12.1,22307
Maharashtra,2011,Oraon Dhangad,11976,22943,20117,877,923.0,79.5,85.0,73.1,41.7,84.6,15.4,43060
Maharashtra,2011,Pardhan Pathari Saroti,38733,73575,71556,973,938.0,81.2,88.5,73.6,50.5,80.2,19.8,145131
Maharashtra,2011,Pardhi Advichincher Phans Pardhi Phanse Pardhi Langoli Par- dhi Bahelia Bahellia Chita Pardhi Shikari Takankar Takia,49003,113380,110147,971,976.0,64.0,73.2,54.6,46.1,87.3,12.7,223527
Maharashtra,2011,Parja,87,184,131,712,769.0,77.7,87.1,64.5,43.2,97.8,2.2,315
Maharashtra,2011,Patelia,788,1372,1202,876,932.0,84.9,88.7,80.7,44.8,87.8,12.2,2574
Maharashtra,2011,Pomla,17,26,18,692,0.0,77.5,86.4,66.7,40.9,100.0,0.0,44
Maharashtra,2011,Rathawa,133,262,226,863,873.0,44.7,52.7,35.4,37.1,94.5,5.5,488
Maharashtra,2011,Sawar Sawara,110,206,142,689,1083.0,81.5,83.0,79.3,50.3,88.0,12.0,348
Maharashtra,2011,Thakur Thakar Ka Thakur Ka Thakar Ma Thakur Ma Thakar,115877,287764,280204,974,957.0,62.5,71.9,52.8,49.1,80.8,19.2,567968
Maharashtra,2011,Varli,158930,394144,402101,1020,992.0,53.9,64.2,43.9,48.5,71.7,28.3,796245
Maharashtra,2011,Vitolia Kotwalia Barodia,106,228,220,965,816.0,62.8,67.9,57.7,45.1,89.1,10.9,448
Manipur,2011,Aimol,809,1559,1631,1046,955.0,76.2,84.0,68.7,52.7,69.2,30.8,3190
Manipur,2011,All Schedule Tribes,227113,588279,579143,984,920.0,72.6,77.3,67.8,47.4,75.8,24.2,1167422
Manipur,2011,Anal,5095,11422,12087,1058,921.0,81.3,85.7,77.1,47.7,62.7,37.3,23509
Manipur,2011,Angami,62,52,43,827,429.0,89.4,95.6,82.5,32.6,74.2,25.8,95
Manipur,2011,Any Kuki tribes,5771,14112,14230,1008,964.0,79.9,84.9,75.0,42.6,77.2,22.8,28342
Manipur,2011,Any Mizo (Lus- hai) tribes,2402,3954,4110,1039,898.0,85.4,87.5,83.5,41.5,76.4,23.6,8064
Manipur,2011,Chiru,1806,4395,4204,957,864.0,70.1,76.7,63.2,50.2,64.7,35.3,8599
Manipur,2011,Chothe,840,1706,1879,1101,1042.0,79.6,83.8,75.8,48.3,75.7,24.3,3585
Manipur,2011,Gangte,3392,8668,8510,982,973.0,77.9,81.4,74.3,44.9,76.2,23.8,17178
Manipur,2011,Hmar,8925,23851,24524,1028,991.0,88.6,90.5,86.7,48.2,76.0,24.0,48375
Manipur,2011,Kabui,20113,51641,52267,1012,934.0,73.7,79.8,67.7,45.5,77.5,22.5,103908
Manipur,2011,Kacha Naga,12094,33973,32185,947,861.0,66.2,71.3,61.0,50.5,75.9,24.1,66158
Manipur,2011,Kharam,245,614,531,865,642.0,72.9,77.5,67.8,47.4,76.1,23.9,1145
Manipur,2011,Koirao,1006,2208,2267,1027,849.0,78.6,82.5,74.9,44.2,76.1,23.9,4475
Manipur,2011,Koireng,469,898,975,1086,1144.0,83.0,90.1,76.4,44.1,77.4,22.6,1873
Manipur,2011,Kom,3064,7181,7347,1023,915.0,79.5,84.6,74.6,43.8,73.4,26.6,14528
Manipur,2011,Lamgang,1938,3731,4039,1083,946.0,77.7,84.6,71.4,52.1,67.7,32.3,7770
Manipur,2011,Mao,16011,47870,45473,950,913.0,55.9,61.5,50.1,52.6,79.0,21.0,93343
Manipur,2011,Maram,4832,14024,13500,963,902.0,60.4,66.5,54.2,44.6,84.9,15.1,27524
Manipur,2011,Maring,5687,13337,13087,981,878.0,60.9,68.6,53.2,60.7,61.1,38.9,26424
Manipur,2011,Monsang,524,1179,1248,1059,1103.0,78.1,84.3,72.2,41.9,66.5,33.5,2427
Manipur,2011,Moyon,581,1172,1344,1147,975.0,84.0,88.5,80.2,45.0,63.8,36.2,2516
Manipur,2011,Paite,10057,27309,28233,1034,950.0,86.9,91.2,82.8,40.3,73.6,26.4,55542
Manipur,2011,Poumai Naga,21886,66827,60554,906,842.0,56.8,62.2,50.9,52.6,85.2,14.8,127381
Manipur,2011,Purum,126,126,152,1206,1600.0,79.9,85.6,75.0,54.0,64.0,36.0,278
Manipur,2011,Ralte,9,10,7,700,500.0,85.7,87.5,83.3,29.4,100.0,0.0,17
Manipur,2011,Sema,31,26,14,538,1500.0,94.3,95.8,90.9,72.5,86.2,13.8,40
Manipur,2011,Simte,1276,3366,3362,999,928.0,78.0,81.6,74.5,45.9,80.7,19.3,6728
Manipur,2011,Suhte,170,383,421,1099,707.0,88.7,92.9,85.0,37.2,74.6,25.4,804
Manipur,2011,Tangkhul,36443,90093,88475,982,931.0,82.3,86.3,78.2,46.2,77.7,22.3,178568
Manipur,2011,Tarao,472,557,509,914,756.0,74.1,79.9,68.0,44.4,65.3,34.7,1066
Manipur,2011,Thadou,43069,107958,107955,1000,944.0,72.5,77.4,67.6,45.7,72.6,27.4,215913
Manipur,2011,Vaiphei,8446,21326,21631,1014,911.0,80.9,85.1,76.8,43.7,72.2,27.8,42957
Manipur,2011,Zou,4778,12099,12195,1008,946.0,78.3,83.2,73.4,43.4,66.9,33.1,24294
Meghalaya,2011,All Schedule Tribes,488874,1269728,1286133,1013,973.0,74.5,75.5,73.5,40.3,76.5,23.5,2555861
Meghalaya,2011,Any Kuki Tribes includ- ing,4945,7336,6939,946,957.0,76.0,78.8,72.9,34.8,86.0,14.0,14275
Meghalaya,2011,Any Mizo (Lus- hai) tribes,1097,1854,2150,1160,1061.0,96.3,97.3,95.4,26.6,90.0,10.0,4004
Meghalaya,2011,Any Naga tribes,823,1320,1236,936,1180.0,97.3,97.9,96.8,25.4,94.6,5.4,2556
Meghalaya,2011,Boro Kacharis,1454,2498,2162,865,946.0,79.0,84.7,72.2,44.6,84.0,16.0,4660
Meghalaya,2011,Chakma,44,61,45,738,667.0,94.1,98.3,88.4,20.8,100.0,0.0,106
Meghalaya,2011,Dimasa Kachari,3566,2250,2257,1003,1043.0,80.3,80.0,80.6,40.8,80.5,19.5,4507
Meghalaya,2011,Garo,153780,412929,408097,988,976.0,71.8,76.0,67.6,40.0,70.3,29.7,821026
Meghalaya,2011,Hajong,9058,19462,19114,982,989.0,63.8,71.7,55.7,43.1,67.4,32.6,38576
Meghalaya,2011,Hmar,416,868,929,1070,858.0,91.8,93.9,90.0,28.2,89.5,10.5,1797
Meghalaya,2011,Khasi Jaintia Synteng Pnar War Bhoi Lyngngam,259268,694554,717221,1033,971.0,77.0,75.5,78.5,40.2,80.7,19.3,1411775
Meghalaya,2011,Koch,5340,11395,11321,994,959.0,59.3,66.6,51.9,45.3,67.1,32.9,22716
Meghalaya,2011,Lakher,14,17,22,1294,2000.0,94.4,100.0,90.0,35.9,92.9,7.1,39
Meghalaya,2011,Man (Tai speak- ing),226,507,507,1000,1127.0,60.3,72.1,48.4,41.6,88.2,11.8,1014
Meghalaya,2011,Mikir,6363,9690,9599,991,941.0,70.8,75.1,66.6,40.7,86.3,13.7,19289
Meghalaya,2011,Pawi,801,562,503,895,930.0,63.7,60.0,67.9,30.4,65.1,34.9,1065
Meghalaya,2011,Raba Rava,7130,16458,16204,985,963.0,66.8,74.0,59.7,43.8,69.1,30.9,32662
Meghalaya,2011,Syntheng,337,771,807,1047,915.0,79.6,82.5,76.9,32.6,92.4,7.6,1578
Mizoram,2011,All Schedule Tribes,225990,516294,519821,1007,971.0,91.5,93.6,89.5,43.8,84.8,15.2,1036115
Mizoram,2011,Any Kuki Tribes includ- ing,11613,23408,22346,955,980.0,76.5,83.9,68.7,42.7,87.4,12.6,45754
Mizoram,2011,Any Mizo (Lus- hai) tribes,157233,363397,371513,1022,975.0,97.5,98.0,97.0,45.0,85.6,14.4,734910
Mizoram,2011,Any Naga tribes,521,412,348,845,917.0,95.7,97.9,92.9,41.3,92.0,8.0,760
Mizoram,2011,Chakma,19554,49958,47014,941,956.0,48.0,61.8,33.2,43.4,81.0,19.0,96972
Mizoram,2011,Dimasa Kachari,43,63,33,524,1625.0,86.7,87.3,85.0,55.2,90.6,9.4,96
Mizoram,2011,Garo,514,434,322,742,1148.0,65.6,76.5,48.9,37.6,83.8,16.2,756
Mizoram,2011,Hajong,33,30,21,700,400.0,84.1,88.0,78.9,35.3,94.4,5.6,51
Mizoram,2011,Hmar,7301,15029,14558,969,953.0,95.9,97.0,94.8,46.8,85.5,14.5,29587
Mizoram,2011,Khasi and Jain- tia (including Khasi Synteng or Pnar War Bhoi or Lyngn- gam),341,542,492,908,857.0,85.5,86.9,84.0,41.2,89.2,10.8,1034
Mizoram,2011,Lakher,8934,21402,21453,1002,928.0,90.1,93.3,86.9,32.8,73.2,26.8,42855
Mizoram,2011,Man (Tai speak- ing),1174,643,620,964,1073.0,98.4,98.4,98.3,46.5,82.8,17.2,1263
Mizoram,2011,Mikir,70,47,27,574,625.0,98.4,97.4,100.0,54.1,95.0,5.0,74
Mizoram,2011,Paite,5578,11637,11546,992,980.0,92.9,95.9,90.0,47.1,87.6,12.4,23183
Mizoram,2011,Pawi,11377,25577,25829,1010,970.0,91.6,93.8,89.6,33.3,84.2,15.8,51406
Mizoram,2011,Syntheng,26,36,38,1056,667.0,100.0,100.0,100.0,59.5,88.6,11.4,74
Nagaland,2011,All Schedule Tribes,366614,866027,844946,976,942.0,80.0,83.1,76.9,49.3,74.7,25.3,1710973
Nagaland,2011,Angami,30996,69156,72576,1049,978.0,84.6,89.3,80.1,45.6,80.2,19.8,141732
Nagaland,2011,Ao,53697,113597,113028,995,957.0,94.4,95.2,93.5,47.9,81.1,18.9,226625
Nagaland,2011,Chakhesang,36270,78348,76526,977,904.0,81.8,87.0,76.6,48.5,78.5,21.5,154874
Nagaland,2011,Chang,12403,33201,31025,934,950.0,73.9,76.3,71.4,44.9,76.8,23.2,64226
Nagaland,2011,Chirr,123,74,64,865,611.0,79.8,83.9,75.5,44.9,74.2,25.8,138
Nagaland,2011,Garo,739,1236,1110,898,924.0,78.2,83.3,72.5,44.9,79.2,20.8,2346
Nagaland,2011,Kachari,4395,6562,6472,986,1019.0,72.8,78.0,67.5,45.6,82.0,18.0,13034
Nagaland,2011,Khiemnungan,12512,32228,29419,913,901.0,69.3,72.4,65.8,56.3,73.5,26.5,61647
Nagaland,2011,Konyak,41396,124074,113494,915,909.0,57.0,60.8,52.9,58.7,71.0,29.0,237568
Nagaland,2011,Kuki,4491,9442,9326,988,891.0,90.4,92.4,88.5,53.2,60.3,39.7,18768
Nagaland,2011,Lotha,34901,86925,86186,991,965.0,89.8,92.7,87.0,44.8,80.1,19.9,173111
Nagaland,2011,Makware,6,3,7,2333,3000.0,100.0,100.0,100.0,30.0,66.7,33.3,10
Nagaland,2011,Mikir,85,127,91,717,1118.0,78.0,80.0,75.0,49.5,88.0,12.0,218
Nagaland,2011,Naga,354027,847079,826476,1911,1849.0,,,,92.4,,43.7,1673555
Nagaland,2011,Phom,13157,27398,25284,923,896.0,74.3,76.7,71.7,57.7,69.4,30.6,52682
Nagaland,2011,Pochury,5301,11201,10747,959,1001.0,60.9,68.1,53.3,42.1,80.3,19.7,21948
Nagaland,2011,Rengma,12099,31209,31742,1017,983.0,83.7,86.7,80.8,39.5,84.4,15.6,62951
Nagaland,2011,Sangtam,15848,38157,36837,965,952.0,77.7,81.2,74.1,42.4,76.3,23.7,74994
Nagaland,2011,Sema,49446,117752,118561,1007,955.0,86.9,89.3,84.5,47.9,67.9,32.1,236313
Nagaland,2011,Tikhir,1436,3894,3643,936,829.0,64.7,71.7,57.5,44.6,89.1,10.9,7537
Nagaland,2011,Unclassified Naga,2523,1831,1833,1001,1009.0,74.8,77.0,72.5,44.3,67.5,32.5,3664
Nagaland,2011,Yimchaungre,14030,34064,32908,966,970.0,71.1,76.4,65.7,45.2,75.4,24.6,66972
Nagaland,2011,Zeliang,15249,37929,36948,974,955.0,78.2,83.0,73.3,60.7,61.0,39.0,74877
Odisha,2011,All Schedule Tribes,2232334,4727732,4863024,1029,980.0,52.2,63.7,41.2,49.7,48.9,51.1,9590756
Odisha,2011,Bagata Bhakta,2186,4323,4490,1039,1049.0,53.9,64.3,43.8,44.8,52.4,47.6,8813
Odisha,2011,Baiga,87,173,165,954,1000.0,67.3,78.8,55.1,37.0,60.8,39.2,338
Odisha,2011,Banjara Banjari,4890,9126,9131,1001,934.0,62.3,75.6,49.1,49.0,49.2,50.8,18257
Odisha,2011,Bathudi Bathuri,51219,106515,110880,1041,970.0,63.7,75.7,52.3,51.2,45.4,54.6,217395
Odisha,2011,Bhottada Dhotada Bhotra Bhatra Bhat- tara Bhotora Bhatara,102420,222266,228505,1028,1007.0,40.0,50.9,29.5,51.8,44.4,55.6,450771
Odisha,2011,Bhuiya Bhuyan,73527,151479,154650,1021,1002.0,63.1,75.0,51.6,48.0,44.4,55.6,306129
Odisha,2011,Bhumia,29818,61360,64617,1053,994.0,41.9,54.2,30.4,51.9,47.3,52.7,125977
Odisha,2011,Bhumij Teli Bhumij Haladipokhria Bhu- mij Haladi Pokharia Bhumija Desi Bhu- mij Desia Bhumij Tamaria Bhumij,66086,141270,142639,1010,957.0,52.1,63.6,40.7,49.9,47.7,52.3,283909
Odisha,2011,Bhunjia,3463,6139,6211,1012,929.0,44.9,58.7,31.6,57.5,39.8,60.2,12350
Odisha,2011,Binjhal Binjhwar,35242,68810,68230,992,961.0,57.2,68.1,46.2,54.7,50.5,49.5,137040
Odisha,2011,Binjhia Binjhoa,2666,5787,5632,973,1041.0,57.8,70.0,45.2,43.3,56.3,43.7,11419
Odisha,2011,Birhor,171,289,307,1062,1098.0,47.2,53.8,41.0,48.8,67.0,33.0,596
Odisha,2011,Bondo Poraja Bonda Paroja Banda Paroja,2996,5669,6562,1158,1048.0,36.5,45.7,28.8,49.1,51.8,48.2,12231
Odisha,2011,Chenchu,5,6,7,1167,1000.0,54.5,80.0,33.3,69.2,100.0,0.0,13
Odisha,2011,Dal,6683,12626,12972,1027,1005.0,43.2,59.0,27.9,51.5,48.2,51.8,25598
Odisha,2011,Desua Bhumij,107,201,203,1010,767.0,57.0,66.1,48.3,43.1,31.0,69.0,404
Odisha,2011,Dharua Dhuruba Dhurva,4192,8875,9276,1045,1002.0,31.4,40.5,22.8,54.1,41.3,58.7,18151
Odisha,2011,Didayi Didai Paroja Didai,1993,4175,4715,1129,992.0,34.6,43.9,26.6,54.3,56.0,44.0,8890
Odisha,2011,Gadaba Bodo Gada- ba Gutob Gadaba Kapu Gadaba Ollara Gadaba Sano Gada- ba Parenga Gadaba,21901,40953,43736,1068,985.0,39.3,51.1,28.4,53.5,55.6,44.4,84689
Odisha,2011,Gandia,727,884,970,1097,981.0,35.8,43.1,29.3,47.2,46.1,53.9,1854
Odisha,2011,Ghara,55,99,96,970,1000.0,71.4,78.7,64.0,42.6,68.7,31.3,195
Odisha,2011,Gond Gondo Rajgond Maria Gond Dhur Gond,213641,438624,449957,1026,994.0,59.7,71.6,48.0,51.5,48.4,51.6,888581
Odisha,2011,Ho,16816,39977,40631,1016,997.0,44.8,57.3,32.6,47.0,44.0,56.0,80608
Odisha,2011,Holva,6942,14006,14143,1010,977.0,48.9,60.2,37.8,49.0,54.0,46.0,28149
Odisha,2011,Jatapu,4039,7231,7659,1059,975.0,47.2,57.4,37.8,55.5,47.4,52.6,14890
Odisha,2011,Juang,10996,23093,24002,1039,980.0,42.8,54.9,31.4,50.8,38.6,61.4,47095
Odisha,2011,Kandha Gauda,7552,13318,13085,983,944.0,56.5,67.7,45.1,50.2,50.5,49.5,26403
Odisha,2011,Kawar Kanwar,1405,2627,2598,989,810.0,64.4,76.7,52.4,51.8,50.4,49.6,5225
Odisha,2011,Kharia Kharian Berga Kharia Dhelki Kharia Dudh Kha- ria Erenga Kharia Munda Kharia Oraon Kharia Khadia Pahari Kharia,52767,109817,113027,1029,981.0,58.5,66.4,50.8,50.2,48.9,51.1,222844
Odisha,2011,Kharwar,562,1122,1143,1019,929.0,62.5,73.5,51.9,34.6,55.5,44.5,2265
Odisha,2011,Khond Kond Kand- ha Nanguli Kandha Sitha Kandha Kondh Kui Buda Kondh Bura Kandha Desia Kandha Dungaria Kondh Kutia Kandha Kandha Gauda Muli Kondh Malua Kondh Pengo Kandha Raja Kondh Raj Khond,381788,790559,836927,1059,979.0,46.9,59.2,35.6,51.2,45.6,54.4,1627486
Odisha,2011,Kisan Nagesar Nagesia,77681,165079,166510,1009,967.0,64.2,74.6,54.0,51.5,51.9,48.1,331589
Odisha,2011,Kol,1062,2028,2030,1001,1028.0,46.3,57.0,35.5,49.3,52.5,47.5,4058
Odisha,2011,Kolah Loharas Kol Loharas,3362,4707,4851,1031,1025.0,52.7,62.4,43.3,45.4,52.3,47.7,9558
Odisha,2011,Kolha,132690,310212,314797,1015,980.0,42.2,53.9,30.9,46.1,45.8,54.2,625009
Odisha,2011,Koli Malhar,1644,3268,3155,965,987.0,57.6,65.3,49.6,45.6,53.9,46.1,6423
Odisha,2011,Kondadora,5848,10222,10580,1035,975.0,48.3,58.8,38.2,50.5,58.5,41.5,20802
Odisha,2011,Kora Khaira Khayara,12801,27173,27235,1002,958.0,68.5,80.1,57.0,43.9,55.6,44.4,54408
Odisha,2011,Korua,158,250,249,996,857.0,32.6,40.3,25.1,52.9,58.7,41.3,499
Odisha,2011,Kotia,1887,3466,3766,1087,945.0,44.4,58.5,31.8,55.0,59.7,40.3,7232
Odisha,2011,Koya Gumba Koya Koitur Koya Kamar Koya Musara Koya,32783,71014,76123,1072,1034.0,29.9,36.5,23.8,54.6,57.5,42.5,147137
Odisha,2011,Kulis,3591,6854,6835,997,967.0,78.9,88.2,69.6,48.6,74.9,25.1,13689
Odisha,2011,Lodha Nodh Nodha Lodh,2562,4860,4925,1013,966.0,43.1,51.2,35.1,50.3,57.2,42.8,9785
Odisha,2011,Madia,560,1106,1137,1028,938.0,48.4,61.9,35.4,55.0,64.6,35.4,2243
Odisha,2011,Mahali,4824,9182,9443,1028,944.0,51.2,62.8,40.1,51.9,56.5,43.5,18625
Odisha,2011,Mankidi,14,12,19,1583,2000.0,35.7,45.5,29.4,48.4,40.0,60.0,31
Odisha,2011,Mankirdia Mankria Mankidi,561,1144,1078,942,918.0,21.1,25.9,16.1,50.9,55.5,44.5,2222
Odisha,2011,Matya Matia,7059,15149,15020,991,970.0,51.1,63.9,38.2,46.4,56.4,43.6,30169
Odisha,2011,Mirdhas Kuda Koda,18127,37757,38183,1011,984.0,62.3,73.5,51.3,51.5,54.5,45.5,75940
Odisha,2011,Munda Munda Lo- hara Munda Mahalis Nagabanshi Munda Oriya Munda,122629,279211,279480,1001,972.0,54.9,64.7,45.2,44.3,54.0,46.0,558691
Odisha,2011,Mundari,6200,12725,12930,1016,957.0,59.9,71.5,48.6,45.5,52.5,47.5,25655
Odisha,2011,Omanatya Omanatyo Amanatya,7048,14204,14532,1023,977.0,36.3,48.6,24.3,52.6,49.7,50.3,28736
Odisha,2011,Oraon Dhangar Uran,79262,177457,180655,1018,970.0,67.6,76.2,59.2,44.1,53.4,46.6,358112
Odisha,2011,Parenga,2665,4532,4913,1084,954.0,32.8,47.0,20.1,61.2,56.3,43.7,9445
Odisha,2011,Paroja Parja Bodo Paroja Barong Jhodia Paroja Chhelia Paroja Jhodia Paroja Konda Paroja Paraja Ponga Paroja Sodia Paroja Sano Paroja Solia Paroja,95290,180122,194506,1080,995.0,34.9,46.4,24.4,53.4,51.0,49.0,374628
Odisha,2011,Pentia,2457,4870,5133,1054,1033.0,44.9,58.0,32.6,49.7,58.5,41.5,10003
Odisha,2011,Rajuar,878,1753,1765,1007,996.0,52.0,63.6,40.4,53.5,37.1,62.9,3518
Odisha,2011,Santal,194874,445700,449064,1008,972.0,55.6,68.1,43.3,48.6,44.9,55.1,894764
Odisha,2011,Saora Savar Saura Sahara Arsi Saora Based Saora Bhima Saora Bhimma Saora Chumura Saora Jara Savar Jadu Saora Jati Saora Juari Saora Kampu Saora Kampa Soura Kapo Saora Kindal Saora Kumbi Kancher Saora Kalapithia Saora Kirat Saora Lanjia Saora Lamba Lanjia Saora Luara Saora Luar Saora Laria Savar Malia Saora Malla Saora Uriya Saora Raika Saora Sudda Saora Sarda Saora Tankala Saora Patro Saora Vesu Saora,125850,264364,270387,1023,963.0,55.0,66.8,43.6,52.0,56.2,43.8,534751
Odisha,2011,Shabar Lodha,119830,255184,261218,1024,977.0,53.3,65.2,41.7,47.8,52.7,47.3,516402
Odisha,2011,Sounti,25913,55759,57044,1023,959.0,59.6,70.9,48.6,48.4,49.1,50.9,112803
Odisha,2011,Tharua Tharua Bindhani,2330,4721,4730,1002,975.0,50.4,60.7,40.2,48.9,48.7,51.3,9451
Rajasthan,2011,All Schedule Tribes,1830092,4742943,4495591,948,921.0,52.8,67.6,37.3,48.3,59.2,40.8,9238534
Rajasthan,2011,Bhil Bhil Garasia Dholi Bhil Dungri Bhil Dungri Garasia Mewasi Bhil Rawal Bhil Tadvi Bhil Bhagalia Bhilala Pawra Vasava Vasave,825820,2075957,2024307,975,945.0,44.6,58.4,30.7,49.8,54.6,45.4,4100264
Rajasthan,2011,Bhil Mina,21720,53179,52214,982,947.0,52.5,66.0,38.9,45.5,30.3,69.7,105393
Rajasthan,2011,Damor Damaria,19493,46037,45426,987,954.0,53.4,66.9,39.8,50.0,42.4,57.6,91463
Rajasthan,2011,Dhanka Tadvi Tetaria Valvi,18791,50237,46500,926,876.0,70.0,81.5,57.6,36.4,74.8,25.2,96737
Rajasthan,2011,Garasia (exclud- ing Rajput Garasia),58033,158848,155346,978,958.0,33.1,46.3,19.8,47.8,57.6,42.4,314194
Rajasthan,2011,Kathodi Katkari Dhor Kathodi Dhor Kathkari Son Kathodi Son Katkari,1154,2444,2389,977,926.0,34.4,45.2,23.5,53.4,51.1,48.9,4833
Rajasthan,2011,Kokna Kokni Kukna,99,193,168,870,816.0,57.2,67.7,45.3,38.5,94.2,5.8,361
Rajasthan,2011,Koli Dhor Tokre Koli Kolcha Kolgha,808,805,730,907,976.0,65.8,77.9,52.2,41.0,80.5,19.5,1535
Rajasthan,2011,Mina,840219,2264021,2081507,919,888.0,61.1,76.9,44.0,47.3,64.7,35.3,4345528
Rajasthan,2011,Naikda Nayaka Cholivala Nayaka Kapadia Nayaka Mota Nayaka Nana Nayaka,4381,4379,3976,908,855.0,49.6,61.0,37.3,44.5,68.0,32.0,8355
Rajasthan,2011,Patelia,210,437,360,824,1098.0,55.0,67.3,39.2,51.6,71.8,28.2,797
Rajasthan,2011,Seharia Sehria Sahariya,23419,56653,54724,966,927.0,48.0,61.9,33.7,48.3,53.0,47.0,111377
Sikkim,2011,All Schedule Tribes,52851,105261,101099,960,961.0,79.7,85.0,74.3,49.7,72.4,27.6,206360
Sikkim,2011,Bhutia (includ- ing Chumbipa Dopthapa Dukpa KagateySherpa Tibetan Tro- mopa Yolmo),18016,35224,34374,976,974.0,80.4,85.5,75.1,48.9,74.3,25.7,69598
Sikkim,2011,Lepcha,10588,21614,21295,985,975.0,82.1,86.8,77.4,50.4,67.9,32.1,42909
Sikkim,2011,Limboo,13263,27707,25996,938,953.0,77.9,83.9,71.4,51.1,71.5,28.5,53703
Sikkim,2011,Tamang,10268,19486,18210,935,942.0,78.9,83.9,73.4,47.8,75.6,24.4,37696
Tamil Nadu,2011,Adiyan,949,2247,2179,970,996.0,45.0,48.9,40.9,36.0,85.0,15.0,4426
Tamil Nadu,2011,All Schedule Tribes,204916,401068,393629,981,918.0,54.3,61.8,46.8,54.5,81.8,18.2,794697
Tamil Nadu,2011,Aranadan,83,72,66,917,667.0,74.0,79.4,68.3,44.9,93.5,6.5,138
Tamil Nadu,2011,Eravallan,850,1438,1433,997,922.0,50.0,55.0,45.0,61.7,84.5,15.5,2871
Tamil Nadu,2011,Irular,48827,94521,95140,1007,962.0,49.1,54.9,43.4,53.6,72.9,27.1,189661
Tamil Nadu,2011,Kadar,220,325,325,1000,806.0,74.9,83.4,66.6,52.6,66.7,33.3,650
Tamil Nadu,2011,Kammara (excluding Kanyakumari district and Shenkottah taluk of Tirunelveli district)c,382,537,515,959,1000.0,89.8,93.9,85.4,46.0,78.1,21.9,1052
Tamil Nadu,2011,Kanikaran Kanikkar (in Kanyakumari dis- trict and Shenkottah and Ambasamudram taluks of Tirunelveli district)e,1054,1879,1958,1042,1146.0,82.0,86.0,78.1,50.8,47.2,52.8,3837
Tamil Nadu,2011,Kaniyan Kanyan,569,1042,1095,1051,1031.0,87.5,92.3,82.9,39.2,80.9,19.1,2137
Tamil Nadu,2011,Kattunayakan,11442,23360,23312,998,954.0,65.8,73.1,58.5,42.0,86.0,14.0,46672
Tamil Nadu,2011,Kochuvelan,2,4,3,750,,71.4,100.0,33.3,28.6,100.0,0.0,7
Tamil Nadu,2011,Konda Kapus,139,265,256,966,1417.0,86.2,95.0,76.6,39.2,98.0,2.0,521
Tamil Nadu,2011,Kondareddis,2850,5028,4819,958,878.0,80.2,88.5,71.5,51.5,92.6,7.4,9847
Tamil Nadu,2011,Koraga,27,61,40,656,250.0,70.9,73.5,67.6,45.5,89.1,10.9,101
Tamil Nadu,2011,Kota (excluding Kan- yakumari district and Shenkottah taluk of Tirunelveli district)c,102,155,153,987,1133.0,88.0,96.4,79.4,38.0,92.3,7.7,308
Tamil Nadu,2011,Kudiya Melakudi,26,36,30,833,2333.0,76.8,84.8,65.2,45.5,93.3,6.7,66
Tamil Nadu,2011,Kurichchan,1576,3181,2919,918,948.0,69.6,79.0,59.4,52.8,88.2,11.8,6100
Tamil Nadu,2011,Kurumans,8299,15949,15016,942,879.0,68.2,76.2,59.8,50.9,85.2,14.8,30965
Tamil Nadu,2011,Kurumbas (in the Nilgiris district)b,1875,3380,3443,1019,821.0,61.5,67.9,55.4,50.3,82.4,17.6,6823
Tamil Nadu,2011,Maha Malasar,21,43,34,791,400.0,85.7,96.4,75.0,31.2,100.0,0.0,77
Tamil Nadu,2011,Malai Arayan,55,75,97,1293,333.0,89.7,93.7,87.1,39.5,86.8,13.2,172
Tamil Nadu,2011,Malai Pandaram,439,710,729,1027,935.0,71.8,78.5,65.5,43.6,81.5,18.5,1439
Tamil Nadu,2011,Malai Vedan,1946,3701,3514,949,993.0,76.9,85.9,67.3,51.9,85.9,14.1,7215
Tamil Nadu,2011,Malakkuravan,4788,10013,9632,962,909.0,61.3,69.4,52.9,45.1,79.8,20.2,19645
Tamil Nadu,2011,Malasar,1911,3259,3172,973,890.0,40.9,44.7,37.1,58.9,88.4,11.6,6431
Tamil Nadu,2011,Malayali (in Dhar- mapuri North Arcot Pudukottai Salem South Arcot and Tiruchirapalli districts)d,89225,181704,176276,970,888.0,51.3,60.0,42.5,58.4,86.8,13.2,357980
Tamil Nadu,2011,Malayekandi,185,107,103,963,733.0,56.0,68.5,43.5,47.1,89.9,10.1,210
Tamil Nadu,2011,Mannan,67,99,112,1131,750.0,88.4,95.4,82.5,39.3,88.0,12.0,211
Tamil Nadu,2011,Mudugar Muduvan,387,661,589,891,944.0,58.2,70.0,44.8,58.2,82.8,17.2,1250
Tamil Nadu,2011,Muthuvan,124,200,190,950,1667.0,37.7,49.7,24.6,64.1,97.6,2.4,390
Tamil Nadu,2011,Palleyan,101,114,117,1026,1154.0,57.1,63.4,51.0,47.2,91.7,8.3,231
Tamil Nadu,2011,Palliyan,809,1146,1106,965,925.0,50.5,54.5,46.5,55.6,83.4,16.6,2252
Tamil Nadu,2011,Palliyar,1517,2643,2645,1001,840.0,44.3,46.8,42.0,54.7,87.9,12.1,5288
Tamil Nadu,2011,Paniyan,2490,4898,5236,1069,960.0,48.3,53.2,43.7,52.6,82.2,17.8,10134
Tamil Nadu,2011,Sholaga,1519,3066,2899,946,802.0,42.8,49.7,35.7,56.5,65.2,34.8,5965
Tamil Nadu,2011,Toda (excluding Kan- yakumari district and Shenkottah taluk of Tirunelveli district),538,957,1045,1092,1402.0,84.2,88.6,80.0,46.5,92.2,7.8,2002
Tamil Nadu,2011,Uraly,3504,6491,6495,1001,959.0,45.1,52.4,37.8,63.4,77.3,22.7,12986
Dadra and Nagar Haveli and Daman and Diu,2011,All Schedule Tribes,36782,96615,97312,1987,1902.0,,,,85.3,,39.7,193927
Dadra and Nagar Haveli and Daman and Diu,2011,Dhodia,5702,13225,13377,1943,1702.0,,,,87.0,,39.2,26602
Dadra and Nagar Haveli and Daman and Diu,2011,Dubla (Halpati),2367,5528,5559,1006,978.0,78.2,85.7,70.8,42.3,90.1,9.9,11087
Dadra and Nagar Haveli and Daman and Diu,2011,Dubla including Halpati,602,1341,1362,1016,818.0,76.5,84.4,68.9,41.7,88.4,11.6,2703
Dadra and Nagar Haveli and Daman and Diu,2011,Kathodi,34,69,73,1058,1200.0,34.2,47.5,21.3,60.6,39.5,60.5,142
Dadra and Nagar Haveli and Daman and Diu,2011,Kokna,5345,13954,13850,993,966.0,65.4,78.1,52.6,41.9,70.7,29.3,27804
Dadra and Nagar Haveli and Daman and Diu,2011,Koli Dhor including Kolgha,531,1367,1399,1023,1045.0,46.6,56.8,36.5,41.7,67.0,33.0,2766
Dadra and Nagar Haveli and Daman and Diu,2011,Naikda (Talavia),1,1,0,0,,100.0,100.0,,100.0,100.0,0.0,1
Dadra and Nagar Haveli and Daman and Diu,2011,Naikda or Nayaka,82,179,153,855,660.0,32.7,34.1,31.1,55.4,17.4,82.6,332
Dadra and Nagar Haveli and Daman and Diu,2011,Siddi (Nayaka),40,109,84,771,353.0,89.4,96.7,80.8,34.2,97.0,3.0,193
Dadra and Nagar Haveli and Daman and Diu,2011,Varli,20287,56345,57106,2000,1989.0,,,,88.5,,34.0,113451
Tripura,2011,All Schedule Tribes,272815,588327,578486,983,957.0,79.1,86.4,71.6,43.8,64.5,35.5,1166813
Tripura,2011,Bhil,918,1609,1496,930,932.0,87.3,91.0,83.3,42.1,66.9,33.1,3105
Tripura,2011,Bhutia,14,19,9,474,500.0,100.0,100.0,100.0,42.9,100.0,0.0,28
Tripura,2011,Chaimal,441,280,269,961,800.0,76.9,84.0,69.8,38.6,62.7,37.3,549
Tripura,2011,Chakma,18014,40552,39261,968,964.0,74.8,84.0,65.4,41.9,61.5,38.5,79813
Tripura,2011,Garoo,3344,6409,6543,1021,951.0,88.1,92.3,84.0,41.5,65.1,34.9,12952
Tripura,2011,Halam Bengshel Dub Kaipeng Kalai Kar- bong Lengui Mussum Ru- pini Sukuchep Thangchep,12910,28707,28503,993,942.0,86.9,92.3,81.5,44.4,68.8,31.2,57210
Tripura,2011,Jamatia,19652,41450,41897,1011,919.0,86.0,92.3,79.9,48.0,66.6,33.4,83347
Tripura,2011,Khasia,110,173,193,1116,1083.0,72.9,76.6,69.5,37.7,79.7,20.3,366
Tripura,2011,Kuki includ- ing the follow- ing sub-tribes,2772,5424,5541,1022,962.0,89.1,92.5,85.7,41.4,75.0,25.0,10965
Tripura,2011,Lepcha,58,86,71,826,800.0,90.6,96.1,84.1,34.4,88.9,11.1,157
Tripura,2011,Lushai,1261,2659,2725,1025,1088.0,97.8,98.1,97.5,51.8,86.2,13.8,5384
Tripura,2011,Mag,9260,19086,18807,985,952.0,72.9,79.9,65.9,42.6,62.6,37.4,37893
Tripura,2011,Munda Kaur,3575,7415,7129,961,996.0,66.7,73.2,59.8,46.3,70.3,29.7,14544
Tripura,2011,Noatia Mu- rashing,3372,7283,7015,963,1019.0,77.4,86.2,68.3,42.2,61.4,38.6,14298
Tripura,2011,Orang,3170,6352,5659,891,1013.0,53.0,59.1,45.8,58.0,71.8,28.2,12011
Tripura,2011,Riang,41036,95325,92895,975,967.0,70.2,79.6,60.6,40.9,63.8,36.2,188220
Tripura,2011,Santal,752,1514,1399,924,982.0,71.0,78.7,62.6,48.5,64.2,35.8,2913
Tripura,2011,Tripura Tri- puri Tippera,138889,298307,293948,985,955.0,81.1,88.3,73.7,43.6,63.9,36.1,592255
Tripura,2011,Uchai,582,1215,1232,1014,858.0,81.1,89.2,73.3,56.2,41.9,58.1,2447
Uttar Pradesh,2011,Agariya (in the district of Sonbhadra),3079,8939,8437,944,953.0,24.6,33.4,15.1,46.2,40.0,60.0,17376
Uttar Pradesh,2011,All Schedule Tribes,200197,581083,553190,952,944.0,55.7,67.1,43.7,37.0,50.6,49.4,1134273
Uttar Pradesh,2011,Baiga (in the district of Sonbhadra),5292,15572,14434,927,944.0,28.5,37.4,18.9,45.1,48.0,52.0,30006
Uttar Pradesh,2011,Bhotia,1199,2764,2432,880,854.0,58.6,66.8,49.4,31.1,66.1,33.9,5196
Uttar Pradesh,2011,Bhuiya Bhuinya (in the district of Sonbhadra),2859,7940,7659,965,1004.0,38.7,50.2,26.7,42.4,33.3,66.7,15599
Uttar Pradesh,2011,Buksa,984,2472,2238,905,953.0,50.6,60.9,39.1,37.5,49.6,50.4,4710
Uttar Pradesh,2011,Chero (in the districts of Sonbhadra and Varanasi),8068,21807,20420,936,936.0,40.9,51.7,29.3,43.8,35.8,64.2,42227
Uttar Pradesh,2011,Gond Dhuria Nayak Ojha Pathari Raj Gond (in the districts of Mehrajganj Sidharth Nagar Basti Gorakhpur Deoria Mau Azamgarh Jon- pur Balia Gazi- pur Varanasi Mirzapur and Sonbhadra),96261,289499,279536,966,938.0,61.2,73.5,48.4,34.3,47.7,52.3,569035
Uttar Pradesh,2011,Jaunsari,986,1939,1781,919,965.0,50.6,60.4,39.8,32.8,61.0,39.0,3720
Uttar Pradesh,2011,Kharwar Khairwar (in the districts of Deoria Balia Ghazipur Varanasi and Sonbhadra),27694,82623,78053,945,942.0,58.5,70.3,46.0,37.4,49.7,50.3,160676
Uttar Pradesh,2011,Pankha Panika (in the districts of Sonbhadra and Mirzapur),4583,12851,12011,935,985.0,55.8,67.8,42.7,40.6,46.1,53.9,24862
Uttar Pradesh,2011,Parahiya (in the district of Sonbhadra),151,456,445,976,920.0,47.2,61.9,32.5,43.8,53.9,46.1,901
Uttar Pradesh,2011,Patari (in the district of Sonbhadra),31,63,69,1095,1182.0,56.5,71.2,42.9,54.5,16.7,83.3,132
Uttar Pradesh,2011,Raji,292,698,597,855,1000.0,35.6,42.1,27.6,41.2,60.7,39.3,1295
Uttar Pradesh,2011,Saharya (in the district of Lalitpur),14154,36307,34327,945,955.0,30.4,38.6,21.7,44.9,63.8,36.2,70634
Uttar Pradesh,2011,Tharu,15367,53687,51604,961,959.0,54.6,66.3,42.5,36.9,65.2,34.8,105291
Uttarakhand,2011,All Schedule Tribes,54102,148669,143234,963,929.0,73.9,83.6,63.9,45.4,68.2,31.8,291903
Uttarakhand,2011,Bhotia,10534,19168,19938,1040,891.0,86.5,94.9,78.6,47.0,71.6,28.4,39106
Uttarakhand,2011,Buksa,10587,27836,26201,941,928.0,64.2,75.9,51.8,39.3,62.1,37.9,54037
Uttarakhand,2011,Jannsari,12645,46020,42644,927,933.0,71.2,80.5,61.2,44.7,76.6,23.4,88664
Uttarakhand,2011,Raji,180,366,324,885,728.0,65.6,79.6,50.6,41.6,73.9,26.1,690
Uttarakhand,2011,Tharu,15842,45884,45458,991,940.0,76.2,86.1,66.2,49.2,62.5,37.5,91342
West Bengal,2011,All Schedule Tribes,1241874,2649974,2646979,999,974.0,57.9,68.2,47.7,47.4,57.9,42.1,5296953
West Bengal,2011,Asur,884,1909,1955,1024,1113.0,45.1,55.2,35.0,43.7,73.0,27.0,3864
West Bengal,2011,Baiga,3190,6765,6658,984,906.0,61.4,72.8,50.0,51.6,51.9,48.1,13423
West Bengal,2011,Bedia Bediya,22587,44989,43783,973,984.0,63.5,72.5,54.2,42.9,61.2,38.8,88772
West Bengal,2011,Bhumij,86752,190087,186209,980,969.0,59.5,70.7,48.1,48.4,49.8,50.2,376296
West Bengal,2011,Bhutia SherpaToto ukpa Kagatay Tibetan Yolmo,16278,33278,33349,1002,936.0,81.1,86.7,75.5,36.7,73.7,26.3,66627
West Bengal,2011,Birhor,891,1176,1065,906,854.0,58.2,69.3,46.1,47.1,63.9,36.1,2241
West Bengal,2011,Birjia,269,573,550,960,976.0,48.4,60.0,36.2,47.6,64.3,35.7,1123
West Bengal,2011,Chakma,211,237,229,966,905.0,76.8,83.8,69.5,39.9,84.4,15.6,466
West Bengal,2011,Chero,2777,2693,2784,1034,1067.0,62.7,73.2,52.5,39.7,75.6,24.4,5477
West Bengal,2011,Chik Baraik,5150,10615,10761,1014,1032.0,62.6,74.0,51.2,43.8,72.4,27.6,21376
West Bengal,2011,Garo,521,997,1042,1045,975.0,77.8,81.8,73.9,41.6,64.5,35.5,2039
West Bengal,2011,Gond,4908,7122,6413,900,909.0,74.8,82.9,65.9,36.8,77.8,22.2,13535
West Bengal,2011,Gorait,537,1255,1243,990,1023.0,32.0,41.2,22.6,49.4,51.2,48.8,2498
West Bengal,2011,Hajang,232,330,291,882,1000.0,74.4,85.3,61.9,36.6,82.8,17.2,621
West Bengal,2011,Ho,5651,11786,11697,992,983.0,54.3,65.2,43.2,51.7,57.4,42.6,23483
West Bengal,2011,Karmali,626,1249,1217,974,944.0,67.9,79.6,55.9,47.3,63.8,36.2,2466
West Bengal,2011,Kharwar,5075,10439,9831,942,963.0,64.5,73.8,54.7,38.8,65.2,34.8,20270
West Bengal,2011,Khond,179,338,322,953,857.0,59.1,67.2,50.7,48.5,85.3,14.7,660
West Bengal,2011,Kisan,23546,50897,47537,934,962.0,53.4,62.4,43.9,41.9,58.8,41.2,98434
West Bengal,2011,Kora,35816,79707,79697,1000,980.0,56.5,68.0,45.1,48.9,54.8,45.2,159404
West Bengal,2011,Korwa,874,1447,1465,1012,921.0,53.9,62.8,45.3,44.1,74.3,25.7,2912
West Bengal,2011,Lepcha,8058,17148,16814,981,911.0,82.4,86.8,77.9,40.0,59.5,40.5,33962
West Bengal,2011,Limbu (Subba),11558,23299,23548,1011,936.0,81.2,87.8,74.7,38.6,64.6,35.4,46847
West Bengal,2011,Lodha Kheria Kharia,26868,54692,54015,988,982.0,45.5,54.6,36.2,49.0,55.2,44.8,108707
West Bengal,2011,Lohara Lohra,6942,12413,12370,997,955.0,55.3,65.4,45.2,42.5,68.5,31.5,24783
West Bengal,2011,Magh,2213,4038,3994,989,969.0,88.3,91.6,85.1,37.2,87.8,12.2,8032
West Bengal,2011,Mahali,19305,40740,40854,1003,995.0,55.0,66.3,43.6,46.0,63.5,36.5,81594
West Bengal,2011,Mahli,1143,1329,1280,963,942.0,50.7,59.8,41.3,45.2,53.9,46.1,2609
West Bengal,2011,Mal Pahariya,11632,22364,22174,992,972.0,42.8,49.0,36.5,45.8,74.1,25.9,44538
West Bengal,2011,Mech,9690,20851,20391,978,896.0,74.2,80.8,67.6,41.3,67.5,32.5,41242
West Bengal,2011,Mru,69,95,102,1074,1727.0,61.7,70.2,53.0,36.5,62.5,37.5,197
West Bengal,2011,Munda,91107,184098,182288,990,976.0,57.7,67.1,48.3,45.7,62.8,37.2,366386
West Bengal,2011,Nagesia,8038,8241,8137,987,920.0,61.8,70.1,53.5,38.5,72.8,27.2,16378
West Bengal,2011,Oraon,140875,322933,320577,993,970.0,59.0,68.1,49.9,43.2,69.2,30.8,643510
West Bengal,2011,Parhaiya,258,451,470,1042,1222.0,38.2,42.3,34.1,47.8,70.2,29.8,921
West Bengal,2011,Rabha,12646,14255,13565,952,937.0,61.3,68.4,53.8,45.1,65.7,34.3,27820
West Bengal,2011,Santal,562526,1248370,1263961,1012,979.0,54.7,66.1,43.5,50.5,53.5,46.5,2512331
West Bengal,2011,Sauria Paharia,930,1715,1765,1029,1090.0,44.0,49.2,38.9,40.2,78.1,21.9,3480
West Bengal,2011,Savar,10028,20064,20310,1012,1014.0,40.6,49.9,31.5,50.0,45.6,54.4,40374
West Bengal,2011,Tamang,36029,72594,73609,1014,964.0,80.4,87.7,73.3,37.0,72.5,27.5,146203
